,Date_Time,Gender,Had_Helmet,Had_Passenger,On_Sidewalk
0,2010-09-24 7:00,Male,No,No,No
1,2010-09-24 7:00,Male,No,No,No
2,2010-09-24 7:00,Male,No,No,No
3,2010-09-24 7:00,Male,No,No,No
4,2010-09-24 7:00,Male,No,No,No
5,2010-09-24 7:15,Male,Yes,No,No
6,2010-09-24 7:15,Female,Yes,No,No
7,2010-09-24 7:15,Male,Yes,No,No
8,2010-09-24 7:15,Female,Yes,No,Yes
9,2010-09-24 7:15,Male,Yes,No,No
10,2010-09-24 7:15,Male,Yes,No,No
11,2010-09-24 7:15,Male,Yes,No,No
12,2010-09-24 7:15,Female,Yes,No,No
13,2010-09-24 7:30,Male,No,No,No
14,2010-09-24 7:30,Male,Yes,No,No
15,2010-09-24 7:30,Male,No,No,No
16,2010-09-24 7:30,Female,Yes,No,No
17,2010-09-24 7:30,Male,No,No,No
18,2010-09-24 7:30,Female,Yes,No,No
19,2010-09-24 7:30,Male,No,No,Yes
20,2010-09-24 7:30,Female,No,No,No
21,2010-09-24 7:30,Male,No,No,No
22,2010-09-24 7:45,Male,Yes,No,No
23,2010-09-24 7:45,Female,Yes,No,No
24,2010-09-24 7:45,Female,Yes,No,No
25,2010-09-24 7:45,Male,Yes,No,No
26,2010-09-24 7:45,Male,No,No,No
27,2010-09-24 8:00,Female,Yes,No,Yes
28,2010-09-24 8:00,Male,Yes,No,No
29,2010-09-24 8:00,Male,No,No,No
30,2010-09-24 8:00,Female,No,No,No
31,2010-09-24 8:00,Male,Yes,No,No
32,2010-09-24 8:00,Male,Yes,No,No
33,2010-09-24 8:00,Male,No,No,No
34,2010-09-24 8:00,Female,Yes,No,No
35,2010-09-24 8:00,Male,Yes,No,No
36,2010-09-24 8:00,Male,No,No,No
37,2010-09-24 8:00,Male,No,No,No
38,2010-09-24 8:00,Female,Yes,No,No
39,2010-09-24 8:00,Female,Yes,No,No
40,2010-09-24 8:00,Male,Yes,No,No
41,2010-09-24 8:00,Female,Yes,No,No
42,2010-09-24 8:00,Male,No,No,No
43,2010-09-24 8:00,Female,No,No,No
44,2010-09-24 8:00,Male,Yes,No,No
45,2010-09-24 8:15,Male,Yes,No,No
46,2010-09-24 8:15,Male,No,No,No
47,2010-09-24 8:15,Male,No,No,No
48,2010-09-24 8:15,Male,Yes,No,No
49,2010-09-24 8:15,Male,No,No,No
50,2010-09-24 8:15,Male,Yes,No,No
51,2010-09-24 8:15,Female,Yes,No,Yes
52,2010-09-24 8:15,Male,Yes,No,No
53,2010-09-24 8:15,Male,No,No,No
54,2010-09-24 8:15,Female,Yes,No,No
55,2010-09-24 8:15,Female,No,No,No
56,2010-09-24 8:15,Male,No,No,Yes
57,2010-09-24 8:15,Male,No,No,No
58,2010-09-24 8:15,Male,No,No,Yes
59,2010-09-24 8:30,Male,Yes,No,No
60,2010-09-24 8:30,Male,Yes,No,No
61,2010-09-24 8:30,Male,Yes,No,No
62,2010-09-24 8:30,Male,Yes,No,No
63,2010-09-24 8:30,Male,Yes,No,No
64,2010-09-24 8:30,Male,No,No,No
65,2010-09-24 8:30,Male,No,No,No
66,2010-09-24 8:30,Female,No,No,No
67,2010-09-24 8:30,Male,No,No,Yes
68,2010-09-24 8:30,Female,Yes,No,No
69,2010-09-24 8:30,Female,Yes,No,No
70,2010-09-24 8:30,Female,Yes,No,No
71,2010-09-24 8:45,Female,Yes,No,No
72,2010-09-24 8:45,Female,No,No,No
73,2010-09-24 8:45,Male,Yes,No,No
74,2010-09-24 8:45,Male,No,No,No
75,2010-09-24 8:45,Male,No,No,No
76,2010-09-24 8:45,Male,No,No,No
77,2010-09-24 8:45,Female,No,No,No
78,2010-09-24 8:45,Female,Yes,No,No
79,2010-09-24 8:45,Male,No,No,No
80,2010-09-24 8:45,Male,No,No,No
81,2010-09-24 8:45,Female,No,No,No
82,2010-09-24 8:45,Female,No,No,No
83,2010-09-24 8:45,Male,Yes,No,No
84,2010-09-24 8:45,Female,Yes,No,No
85,2010-09-24 8:45,Male,No,No,No
86,2010-09-24 8:45,Male,No,No,No
87,2010-09-24 8:45,Male,No,No,No
88,2010-09-24 8:45,Female,No,No,No
89,2010-09-24 8:45,Male,Yes,No,No
90,2010-09-24 8:45,Male,No,No,No
91,2010-09-24 8:45,Female,Yes,Yes,No
92,2010-09-24 8:45,Male,Yes,No,No
93,2010-09-24 9:00,Male,Yes,No,Yes
94,2010-09-24 9:00,Female,No,No,No
95,2010-09-24 9:00,Female,Yes,No,No
96,2010-09-24 9:00,Male,No,No,No
97,2010-09-24 9:00,Male,Yes,No,No
98,2010-09-24 9:00,Male,No,No,No
99,2010-09-24 9:00,Male,No,No,No
100,2010-09-24 9:00,Female,No,No,No
101,2010-09-24 9:00,Female,No,No,No
102,2010-09-24 9:00,Male,No,No,No
103,2010-09-24 9:00,Female,No,No,No
104,2010-09-24 9:00,Female,Yes,No,No
105,2010-09-24 9:00,Female,No,No,No
106,2010-09-24 9:00,Male,No,No,No
107,2010-09-24 9:00,Male,No,No,No
108,2010-09-24 9:00,Male,Yes,No,No
109,2010-09-24 9:00,Male,Yes,No,No
110,2010-09-24 9:15,Male,Yes,No,No
111,2010-09-24 9:15,Female,No,No,No
112,2010-09-24 9:15,Female,No,No,No
113,2010-09-24 9:15,Male,No,No,No
114,2010-09-24 9:15,Male,Yes,No,No
115,2010-09-24 9:15,Male,No,No,No
116,2010-09-24 9:15,Female,No,No,Yes
117,2010-09-24 9:15,Male,No,No,No
118,2010-09-24 9:15,Female,Yes,No,No
119,2010-09-24 9:15,Male,No,No,No
120,2010-09-24 9:15,Male,Yes,No,No
121,2010-09-24 9:15,Male,Yes,No,No
122,2010-09-24 9:15,Male,No,No,No
123,2010-09-24 9:15,Female,No,No,No
124,2010-09-24 9:15,Male,No,No,No
125,2010-09-24 9:30,Female,Yes,No,No
126,2010-09-24 9:30,Male,Yes,No,No
127,2010-09-24 9:30,Male,Yes,No,No
128,2010-09-24 9:30,Male,No,No,No
129,2010-09-24 9:30,Male,Yes,No,No
130,2010-09-24 9:30,Male,No,No,No
131,2010-09-24 9:30,Female,Yes,No,No
132,2010-09-24 9:30,Female,No,No,No
133,2010-09-24 9:30,Male,No,No,No
134,2010-09-24 9:30,Female,No,No,No
135,2010-09-24 9:30,Male,Yes,No,No
136,2010-09-24 9:30,Male,Yes,No,No
137,2010-09-24 9:30,Male,Yes,No,No
138,2010-09-24 9:30,Female,No,No,No
139,2010-09-24 9:30,Female,No,No,No
140,2010-09-24 9:30,Male,No,No,No
141,2010-09-24 9:45,Male,No,No,No
142,2010-09-24 9:45,Male,Yes,No,No
143,2010-09-24 9:45,Male,Yes,No,No
144,2010-09-24 9:45,Male,Yes,No,No
145,2010-09-24 9:45,Female,Yes,No,No
146,2010-09-24 9:45,Male,No,No,No
147,2010-09-24 9:45,Female,No,No,Yes
148,2010-09-24 9:45,Male,No,No,No
149,2010-09-24 9:45,Male,No,No,No
150,2010-09-24 9:45,Male,No,No,No
151,2010-09-24 9:45,Female,Yes,No,No
152,2010-09-24 9:45,Male,Yes,No,No
153,2010-09-24 10:00,Female,No,No,No
154,2010-09-24 10:00,Male,No,No,No
155,2010-09-24 10:00,Female,No,No,No
156,2010-09-24 10:00,Female,Yes,No,No
157,2010-09-24 10:00,Male,No,No,No
158,2010-09-24 10:00,Male,No,No,No
159,2010-09-24 10:00,Male,No,No,Yes
160,2010-09-24 10:00,Male,No,No,No
161,2010-09-24 10:15,Male,No,No,No
162,2010-09-24 10:15,Male,No,No,No
163,2010-09-24 10:15,Male,Yes,No,Yes
164,2010-09-24 10:15,Male,No,No,Yes
165,2010-09-24 10:15,Male,Yes,No,No
166,2010-09-24 10:15,Male,No,No,Yes
167,2010-09-24 10:15,Male,No,No,No
168,2010-09-24 10:15,Female,No,No,Yes
169,2010-09-24 10:15,Male,No,No,No
170,2010-09-24 10:15,Male,No,No,No
171,2010-09-24 10:15,Female,Yes,No,No
172,2010-09-24 10:15,Male,Yes,No,No
173,2010-09-24 10:15,Female,Yes,No,No
174,2010-09-24 10:15,Female,Yes,No,No
175,2010-09-24 10:15,Male,Yes,No,No
176,2010-09-24 10:15,Male,No,No,No
177,2010-09-24 10:15,Female,No,No,No
178,2010-09-24 10:15,Female,No,No,No
179,2010-09-24 10:15,Female,No,No,No
180,2010-09-24 10:15,Female,Yes,No,No
181,2010-09-24 10:15,Female,Yes,No,No
182,2010-09-24 10:30,Male,No,No,No
183,2010-09-24 10:30,Male,No,No,No
184,2010-09-24 10:30,Male,No,No,No
185,2010-09-24 10:30,Male,No,No,No
186,2010-09-24 10:30,Male,Yes,No,No
187,2010-09-24 10:30,Male,Yes,No,No
188,2010-09-24 10:30,Female,No,No,No
189,2010-09-24 10:30,Female,Yes,No,No
190,2010-09-24 10:30,Male,Yes,No,No
191,2010-09-24 10:30,Male,No,No,No
192,2010-09-24 10:30,Male,No,No,No
193,2010-09-24 10:30,Male,No,No,No
194,2010-09-24 10:30,Male,No,No,No
195,2010-09-24 10:30,Male,No,No,No
196,2010-09-24 10:30,Male,No,No,No
197,2010-09-24 10:30,Male,Yes,No,No
198,2010-09-24 10:30,Female,No,No,Yes
199,2010-09-24 10:30,Female,Yes,No,No
200,2010-09-24 10:30,Female,Yes,No,No
201,2010-09-24 10:30,Female,No,No,No
202,2010-09-24 10:30,Male,No,No,No
203,2010-09-24 10:30,Male,Yes,No,No
204,2010-09-24 10:45,Male,No,No,No
205,2010-09-24 10:45,Female,Yes,No,No
206,2010-09-24 10:45,Male,No,No,No
207,2010-09-24 10:45,Male,No,No,No
208,2010-09-24 10:45,Male,Yes,No,No
209,2010-09-24 10:45,Female,No,No,No
210,2010-09-24 10:45,Female,No,No,Yes
211,2010-09-24 10:45,Male,Yes,No,No
212,2010-09-24 10:45,Female,Yes,No,No
213,2010-09-24 10:45,Male,No,No,No
214,2010-09-24 10:45,Male,No,No,No
215,2010-09-24 10:45,Male,No,No,No
216,2010-09-24 10:45,Male,No,No,No
217,2010-09-24 10:45,Male,No,No,No
218,2010-09-24 10:45,Female,No,No,No
219,2010-09-24 10:45,Female,No,No,No
220,2010-09-24 10:45,Female,No,No,No
221,2010-09-24 10:45,Male,Yes,No,No
222,2010-09-24 10:45,Male,Yes,No,No
223,2010-09-24 11:00,Female,No,No,No
224,2010-09-24 11:00,Male,Yes,No,No
225,2010-09-24 11:00,Male,No,No,Yes
226,2010-09-24 11:00,Male,Yes,No,No
227,2010-09-24 11:00,Female,No,No,No
228,2010-09-24 11:00,Male,No,No,No
229,2010-09-24 11:00,Male,No,No,Yes
230,2010-09-24 11:00,Female,No,No,No
231,2010-09-24 11:00,Female,No,No,No
232,2010-09-24 11:00,Male,No,No,No
233,2010-09-24 11:00,Female,Yes,No,No
234,2010-09-24 11:00,Male,No,No,No
235,2010-09-24 11:00,Male,No,No,No
236,2010-09-24 11:00,Female,Yes,No,No
237,2010-09-24 11:00,Female,No,No,No
238,2010-09-24 11:00,Male,No,No,No
239,2010-09-24 11:00,Female,Yes,No,No
240,2010-09-24 11:00,Female,No,No,No
241,2010-09-24 11:00,Female,No,No,No
242,2010-09-24 11:00,Female,Yes,No,No
243,2010-09-24 11:00,Female,No,No,No
244,2010-09-24 11:00,Female,Yes,No,No
245,2010-09-24 11:00,Male,Yes,No,No
246,2010-09-24 11:00,Male,Yes,No,No
247,2010-09-24 11:00,Male,Yes,No,Yes
248,2010-09-24 11:00,Male,Yes,No,Yes
249,2010-09-24 11:00,Female,No,No,No
250,2010-09-24 11:00,Female,Yes,No,No
251,2010-09-24 11:00,Male,No,No,No
252,2010-09-24 11:00,Female,No,No,No
253,2010-09-24 11:15,Female,Yes,No,No
254,2010-09-24 11:15,Male,No,No,No
255,2010-09-24 11:15,Male,Yes,No,No
256,2010-09-24 11:15,Male,Yes,No,No
257,2010-09-24 11:15,Female,No,No,No
258,2010-09-24 11:15,Female,Yes,No,No
259,2010-09-24 11:15,Female,Yes,No,No
260,2010-09-24 11:15,Female,Yes,No,No
261,2010-09-24 11:15,Female,No,No,No
262,2010-09-24 11:15,Female,Yes,No,No
263,2010-09-24 11:15,Male,No,No,No
264,2010-09-24 11:15,Male,Yes,No,No
265,2010-09-24 11:15,Male,Yes,No,No
266,2010-09-24 11:15,Male,No,No,Yes
267,2010-09-24 11:30,Male,No,No,No
268,2010-09-24 11:30,Male,Yes,No,No
269,2010-09-24 11:30,Male,Yes,No,No
270,2010-09-24 11:30,Male,No,No,Yes
271,2010-09-24 11:30,Male,No,No,No
272,2010-09-24 11:30,Male,No,No,No
273,2010-09-24 11:30,Male,Yes,No,No
274,2010-09-24 11:30,Male,Yes,No,No
275,2010-09-24 11:30,Female,No,No,No
276,2010-09-24 11:30,Male,Yes,No,No
277,2010-09-24 11:30,Male,Yes,No,No
278,2010-09-24 11:30,Female,Yes,No,Yes
279,2010-09-24 11:30,Female,No,No,No
280,2010-09-24 11:30,Female,No,No,No
281,2010-09-24 11:30,Male,No,No,No
282,2010-09-24 11:30,Female,Yes,No,No
283,2010-09-24 11:30,Male,Yes,No,No
284,2010-09-24 11:30,Male,Yes,No,No
285,2010-09-24 11:30,Male,Yes,No,No
286,2010-09-24 11:30,Female,Yes,No,No
287,2010-09-24 11:30,Male,No,No,No
288,2010-09-24 11:30,Male,Yes,No,No
289,2010-09-24 11:30,Female,No,No,No
290,2010-09-24 11:30,Male,No,No,No
291,2010-09-24 11:30,Female,Yes,No,No
292,2010-09-24 11:30,Male,Yes,No,Yes
293,2010-09-24 11:30,Female,No,No,No
294,2010-09-24 11:45,Female,No,No,No
295,2010-09-24 11:45,Male,No,No,No
296,2010-09-24 11:45,Female,Yes,No,No
297,2010-09-24 11:45,Male,No,No,No
298,2010-09-24 11:45,Female,No,No,No
299,2010-09-24 11:45,Female,Yes,No,No
300,2010-09-24 11:45,Female,Yes,No,No
301,2010-09-24 11:45,Male,Yes,No,No
302,2010-09-24 11:45,Male,No,No,No
303,2010-09-24 11:45,Female,Yes,No,No
304,2010-09-24 11:45,Male,No,No,No
305,2010-09-24 11:45,Female,No,No,No
306,2010-09-24 11:45,Male,No,No,No
307,2010-09-24 11:45,Female,No,No,No
308,2010-09-24 11:45,Male,Yes,No,No
309,2010-09-24 11:45,Female,Yes,No,No
310,2010-09-24 11:45,Male,No,No,No
311,2010-09-24 11:45,Female,Yes,No,No
312,2010-09-24 11:45,Male,No,No,No
313,2010-09-24 11:45,Male,Yes,No,No
314,2010-09-24 11:45,Female,No,No,No
315,2010-09-24 11:45,Male,Yes,No,No
316,2010-09-24 11:45,Male,Yes,No,No
317,2010-09-24 11:45,Female,No,No,No
318,2010-09-24 11:45,Male,No,No,No
319,2010-09-24 11:45,Female,No,No,No
320,2010-09-24 11:45,Male,No,No,No
321,2010-09-24 11:45,Female,Yes,No,No
322,2010-09-24 12:00,Female,No,No,Yes
323,2010-09-24 12:00,Male,No,No,No
324,2010-09-24 12:00,Male,Yes,No,No
325,2010-09-24 12:00,Female,No,No,No
326,2010-09-24 12:00,Female,Yes,No,No
327,2010-09-24 12:00,Female,Yes,No,No
328,2010-09-24 12:00,Male,Yes,No,No
329,2010-09-24 12:00,Male,Yes,No,No
330,2010-09-24 12:00,Male,Yes,No,No
331,2010-09-24 12:00,Female,No,No,No
332,2010-09-24 12:00,Female,No,No,No
333,2010-09-24 12:00,Male,No,No,No
334,2010-09-24 12:00,Male,Yes,No,No
335,2010-09-24 12:00,Male,Yes,No,Yes
336,2010-09-24 12:00,Male,No,No,No
337,2010-09-24 12:00,Male,No,No,No
338,2010-09-24 12:00,Male,Yes,No,No
339,2010-09-24 12:00,Female,Yes,No,No
340,2010-09-24 12:00,Female,No,No,No
341,2010-09-24 12:00,Male,No,No,No
342,2010-09-24 12:00,Female,No,No,No
343,2010-09-24 12:00,Male,Yes,No,No
344,2010-09-24 12:15,Female,Yes,No,Yes
345,2010-09-24 12:15,Female,No,No,No
346,2010-09-24 12:15,Female,Yes,No,No
347,2010-09-24 12:15,Female,No,No,No
348,2010-09-24 12:15,Male,No,No,Yes
349,2010-09-24 12:15,Male,No,No,Yes
350,2010-09-24 12:15,Female,No,No,No
351,2010-09-24 12:15,Male,No,No,No
352,2010-09-24 12:15,Female,Yes,No,No
353,2010-09-24 12:15,Male,Yes,No,No
354,2010-09-24 12:15,Male,Yes,No,No
355,2010-09-24 12:15,Male,Yes,No,No
356,2010-09-24 12:15,Female,Yes,No,No
357,2010-09-24 12:15,Male,No,No,No
358,2010-09-24 12:15,Male,No,No,No
359,2010-09-24 12:15,Male,No,No,No
360,2010-09-24 12:15,Male,Yes,No,No
361,2010-09-24 12:15,Female,No,No,No
362,2010-09-24 12:15,Male,No,No,No
363,2010-09-24 12:15,Female,Yes,No,No
364,2010-09-24 12:15,Female,No,No,No
365,2010-09-24 12:15,Male,Yes,No,No
366,2010-09-24 12:15,Male,No,No,No
367,2010-09-24 12:15,Female,No,No,No
368,2010-09-24 12:15,Male,No,No,No
369,2010-09-24 12:15,Female,No,No,No
370,2010-09-24 12:15,Female,Yes,No,No
371,2010-09-24 12:15,Male,Yes,No,No
372,2010-09-24 12:15,Male,Yes,No,No
373,2010-09-24 12:15,Male,No,No,No
374,2010-09-24 12:15,Male,Yes,No,Yes
375,2010-09-24 12:15,Female,No,No,No
376,2010-09-24 12:15,Male,No,No,No
377,2010-09-24 12:15,Female,Yes,No,No
378,2010-09-24 12:15,Male,Yes,No,No
379,2010-09-24 12:30,Male,No,No,No
380,2010-09-24 12:30,Male,Yes,No,No
381,2010-09-24 12:30,Male,Yes,No,No
382,2010-09-24 12:30,Female,Yes,No,No
383,2010-09-24 12:30,Female,Yes,No,No
384,2010-09-24 12:30,Female,No,No,No
385,2010-09-24 12:30,Male,No,No,No
386,2010-09-24 12:30,Female,Yes,No,No
387,2010-09-24 12:30,Female,Yes,No,No
388,2010-09-24 12:30,Female,No,No,No
389,2010-09-24 12:30,Female,No,No,No
390,2010-09-24 12:30,Female,Yes,No,No
391,2010-09-24 12:30,Male,Yes,No,No
392,2010-09-24 12:30,Male,No,No,No
393,2010-09-24 12:30,Female,No,No,No
394,2010-09-24 12:30,Female,No,No,No
395,2010-09-24 12:30,Female,Yes,No,No
396,2010-09-24 12:30,Male,Yes,No,No
397,2010-09-24 12:30,Female,Yes,No,No
398,2010-09-24 12:30,Male,Yes,No,No
399,2010-09-24 12:30,Male,No,No,No
400,2010-09-24 12:30,Female,No,No,No
401,2010-09-24 12:30,Female,Yes,No,No
402,2010-09-24 12:30,Male,No,No,No
403,2010-09-24 12:30,Male,Yes,No,No
404,2010-09-24 12:30,Female,Yes,No,No
405,2010-09-24 12:30,Female,No,No,No
406,2010-09-24 12:30,Female,Yes,No,No
407,2010-09-24 12:30,Male,No,No,No
408,2010-09-24 12:30,Female,No,No,No
409,2010-09-24 12:30,Male,No,No,No
410,2010-09-24 12:30,Male,Yes,No,No
411,2010-09-24 12:30,Male,No,No,No
412,2010-09-24 12:30,Male,Yes,No,No
413,2010-09-24 12:30,Female,Yes,No,No
414,2010-09-24 12:30,Male,Yes,No,No
415,2010-09-24 12:30,Male,Yes,No,No
416,2010-09-24 12:30,Male,Yes,No,No
417,2010-09-24 12:30,Male,No,No,No
418,2010-09-24 12:30,Female,Yes,No,No
419,2010-09-24 12:45,Male,No,No,No
420,2010-09-24 12:45,Female,No,No,No
421,2010-09-24 12:45,Female,No,No,No
422,2010-09-24 12:45,Female,No,No,No
423,2010-09-24 12:45,Male,No,No,Yes
424,2010-09-24 12:45,Female,No,No,No
425,2010-09-24 12:45,Female,Yes,No,No
426,2010-09-24 12:45,Male,No,No,No
427,2010-09-24 12:45,Female,No,No,No
428,2010-09-24 12:45,Male,No,No,No
429,2010-09-24 12:45,Female,Yes,No,No
430,2010-09-24 12:45,Male,No,No,No
431,2010-09-24 12:45,Male,No,No,No
432,2010-09-24 12:45,Male,No,No,No
433,2010-09-24 12:45,Male,Yes,No,No
434,2010-09-24 12:45,Male,Yes,No,No
435,2010-09-24 12:45,Female,Yes,No,No
436,2010-09-24 12:45,Female,No,No,No
437,2010-09-24 12:45,Male,No,No,No
438,2010-09-24 12:45,Female,Yes,No,No
439,2010-09-24 12:45,Male,No,No,No
440,2010-09-24 12:45,Male,Yes,No,No
441,2010-09-24 12:45,Male,Yes,No,No
442,2010-09-24 12:45,Male,Yes,No,No
443,2010-09-24 12:45,Female,Yes,No,No
444,2010-09-24 12:45,Male,No,No,No
445,2010-09-24 12:45,Female,Yes,No,No
446,2010-09-24 12:45,Male,Yes,No,No
447,2010-09-24 12:45,Female,No,No,No
448,2010-09-24 12:45,Female,No,No,No
449,2010-09-24 12:45,Female,No,No,No
450,2010-09-24 12:45,Male,No,No,No
451,2010-09-24 12:45,Male,Yes,No,No
452,2010-09-24 13:00,Female,No,No,No
453,2010-09-24 13:00,Male,Yes,No,No
454,2010-09-24 13:00,Female,No,No,No
455,2010-09-24 13:00,Male,Yes,No,No
456,2010-09-24 13:00,Male,No,No,No
457,2010-09-24 13:00,Male,Yes,No,No
458,2010-09-24 13:00,Female,Yes,No,No
459,2010-09-24 13:00,Male,No,No,No
460,2010-09-24 13:00,Male,No,No,No
461,2010-09-24 13:00,Male,No,No,No
462,2010-09-24 13:00,Male,Yes,No,No
463,2010-09-24 13:00,Female,No,No,No
464,2010-09-24 13:00,Male,Yes,No,No
465,2010-09-24 13:00,Male,No,No,No
466,2010-09-24 13:00,Male,No,No,No
467,2010-09-24 13:00,Male,No,No,No
468,2010-09-24 13:00,Male,No,No,No
469,2010-09-24 13:00,Male,No,No,No
470,2010-09-24 13:00,Female,No,No,No
471,2010-09-24 13:00,Male,No,No,No
472,2010-09-24 13:00,Male,No,No,No
473,2010-09-24 13:00,Female,Yes,No,No
474,2010-09-24 13:00,Female,Yes,No,No
475,2010-09-24 13:00,Male,No,No,No
476,2010-09-24 13:00,Female,No,No,No
477,2010-09-24 13:00,Male,No,No,No
478,2010-09-24 13:00,Male,Yes,No,No
479,2010-09-24 13:00,Female,No,No,No
480,2010-09-24 13:00,Male,Yes,No,No
481,2010-09-24 13:00,Female,No,No,No
482,2010-09-24 13:00,Female,No,No,No
483,2010-09-24 13:00,Male,Yes,No,No
484,2010-09-24 13:00,Male,No,No,No
485,2010-09-24 13:00,Male,No,No,No
486,2010-09-24 13:00,Male,No,No,Yes
487,2010-09-24 13:00,Male,No,No,No
488,2010-09-24 13:00,Male,No,No,No
489,2010-09-24 13:00,Female,Yes,No,No
490,2010-09-24 13:00,Male,Yes,No,No
491,2010-09-24 13:00,Male,No,No,No
492,2010-09-24 13:00,Female,No,No,No
493,2010-09-24 13:00,Female,Yes,No,No
494,2010-09-24 13:00,Female,Yes,No,No
495,2010-09-24 13:00,Female,No,No,No
496,2010-09-24 13:15,Male,No,No,No
497,2010-09-24 13:15,Male,Yes,No,No
498,2010-09-24 13:15,Male,No,No,No
499,2010-09-24 13:15,Male,No,No,No
500,2010-09-24 13:15,Male,No,No,No
501,2010-09-24 13:15,Male,No,No,No
502,2010-09-24 13:15,Male,No,No,No
503,2010-09-24 13:15,Male,Yes,No,No
504,2010-09-24 13:15,Male,No,No,No
505,2010-09-24 13:15,Female,Yes,No,No
506,2010-09-24 13:15,Male,Yes,No,No
507,2010-09-24 13:15,Male,No,No,No
508,2010-09-24 13:15,Female,No,No,No
509,2010-09-24 13:15,Female,No,No,No
510,2010-09-24 13:15,Female,Yes,No,No
511,2010-09-24 13:15,Male,No,No,No
512,2010-09-24 13:15,Female,No,No,No
513,2010-09-24 13:15,Male,Yes,No,No
514,2010-09-24 13:15,Female,Yes,No,No
515,2010-09-24 13:15,Female,Yes,No,No
516,2010-09-24 13:15,Female,Yes,No,No
517,2010-09-24 13:15,Male,No,No,No
518,2010-09-24 13:15,Female,No,No,No
519,2010-09-24 13:15,Female,Yes,No,No
520,2010-09-24 13:15,Male,No,No,No
521,2010-09-24 13:15,Female,No,No,No
522,2010-09-24 13:15,Female,No,No,No
523,2010-09-24 13:15,Female,No,No,No
524,2010-09-24 13:15,Female,Yes,No,No
525,2010-09-24 13:15,Male,No,No,No
526,2010-09-24 13:15,Female,No,No,No
527,2010-09-24 13:15,Female,Yes,No,No
528,2010-09-24 13:15,Male,No,No,No
529,2010-09-24 13:15,Female,No,No,No
530,2010-09-24 13:15,Female,Yes,No,No
531,2010-09-24 13:15,Male,No,No,No
532,2010-09-24 13:15,Male,Yes,No,No
533,2010-09-24 13:15,Female,Yes,No,No
534,2010-09-24 13:15,Male,No,No,No
535,2010-09-24 13:15,Male,No,No,No
536,2010-09-24 13:15,Female,No,No,No
537,2010-09-24 13:15,Female,Yes,No,No
538,2010-09-24 13:15,Male,No,No,No
539,2010-09-24 13:15,Male,Yes,No,No
540,2010-09-24 13:15,Male,Yes,No,No
541,2010-09-24 13:15,Female,Yes,No,No
542,2010-09-24 13:30,Female,Yes,No,No
543,2010-09-24 13:30,Female,Yes,No,No
544,2010-09-24 13:30,Male,No,No,No
545,2010-09-24 13:30,Male,No,No,No
546,2010-09-24 13:30,Female,No,No,No
547,2010-09-24 13:30,Male,No,No,No
548,2010-09-24 13:30,Male,No,No,No
549,2010-09-24 13:30,Male,No,No,No
550,2010-09-24 13:30,Female,Yes,No,No
551,2010-09-24 13:30,Male,Yes,No,No
552,2010-09-24 13:30,Female,Yes,No,No
553,2010-09-24 13:30,Male,No,No,No
554,2010-09-24 13:30,Female,No,No,No
555,2010-09-24 13:30,Male,No,No,No
556,2010-09-24 13:30,Female,Yes,No,No
557,2010-09-24 13:30,Male,No,No,No
558,2010-09-24 13:30,Male,Yes,No,No
559,2010-09-24 13:30,Female,Yes,No,No
560,2010-09-24 13:30,Female,No,No,No
561,2010-09-24 13:30,Female,No,No,No
562,2010-09-24 13:30,Female,No,No,No
563,2010-09-24 13:30,Male,Yes,No,No
564,2010-09-24 13:30,Male,No,No,No
565,2010-09-24 13:30,Male,Yes,No,No
566,2010-09-24 13:30,Male,No,No,No
567,2010-09-24 13:30,Female,No,No,No
568,2010-09-24 13:30,Female,No,No,No
569,2010-09-24 13:30,Female,Yes,No,No
570,2010-09-24 13:30,Male,No,No,No
571,2010-09-24 13:45,Male,No,No,No
572,2010-09-24 13:45,Male,Yes,No,No
573,2010-09-24 13:45,Male,No,No,No
574,2010-09-24 13:45,Female,No,No,No
575,2010-09-24 13:45,Male,Yes,No,No
576,2010-09-24 13:45,Male,Yes,No,No
577,2010-09-24 13:45,Female,No,No,No
578,2010-09-24 13:45,Male,No,No,No
579,2010-09-24 13:45,Female,No,No,No
580,2010-09-24 13:45,Female,Yes,No,No
581,2010-09-24 13:45,Female,No,No,No
582,2010-09-24 13:45,Female,No,No,No
583,2010-09-24 13:45,Male,Yes,No,No
584,2010-09-24 13:45,Female,No,No,Yes
585,2010-09-24 13:45,Female,Yes,No,No
586,2010-09-24 13:45,Female,Yes,No,No
587,2010-09-24 13:45,Female,Yes,No,No
588,2010-09-24 13:45,Female,No,No,No
589,2010-09-24 13:45,Male,No,No,No
590,2010-09-24 13:45,Male,Yes,No,No
591,2010-09-24 13:45,Male,Yes,No,No
592,2010-09-24 13:45,Female,No,No,No
593,2010-09-24 13:45,Female,Yes,No,No
594,2010-09-24 13:45,Female,Yes,No,No
595,2010-09-24 13:45,Male,No,No,No
596,2010-09-24 13:45,Male,No,No,No
597,2010-09-24 13:45,Female,Yes,No,No
598,2010-09-24 13:45,Female,No,No,No
599,2010-09-24 13:45,Female,Yes,No,No
600,2010-09-24 13:45,Male,No,No,No
601,2010-09-24 13:45,Male,No,No,No
602,2010-09-24 13:45,Male,Yes,No,No
603,2010-09-24 13:45,Male,No,No,No
604,2010-09-24 13:45,Female,Yes,No,No
605,2010-09-24 13:45,Male,Yes,No,No
606,2010-09-24 13:45,Male,Yes,No,No
607,2010-09-24 13:45,Female,Yes,No,No
608,2010-09-24 13:45,Male,No,No,No
609,2010-09-24 13:45,Male,No,No,No
610,2010-09-24 13:45,Male,No,No,No
611,2010-09-24 13:45,Male,No,No,No
612,2010-09-24 14:00,Male,No,No,No
613,2010-09-24 14:00,Male,Yes,No,No
614,2010-09-24 14:00,Male,No,No,No
615,2010-09-24 14:00,Male,Yes,No,No
616,2010-09-24 14:00,Male,No,No,No
617,2010-09-24 14:00,Male,No,No,No
618,2010-09-24 14:00,Male,Yes,No,No
619,2010-09-24 14:00,Male,No,No,No
620,2010-09-24 14:00,Male,Yes,No,No
621,2010-09-24 14:00,Female,No,No,No
622,2010-09-24 14:00,Male,No,No,No
623,2010-09-24 14:00,Female,Yes,No,No
624,2010-09-24 14:00,Female,Yes,No,No
625,2010-09-24 14:00,Male,Yes,No,No
626,2010-09-24 14:00,Female,Yes,No,No
627,2010-09-24 14:00,Male,No,No,No
628,2010-09-24 14:00,Male,Yes,No,Yes
629,2010-09-24 14:00,Male,Yes,No,No
630,2010-09-24 14:00,Female,No,No,No
631,2010-09-24 14:00,Female,No,No,No
632,2010-09-24 14:00,Female,Yes,No,No
633,2010-09-24 14:00,Male,No,No,No
634,2010-09-24 14:00,Male,No,No,No
635,2010-09-24 14:00,Male,No,No,No
636,2010-09-24 14:00,Male,No,No,No
637,2010-09-24 14:00,Male,Yes,No,No
638,2010-09-24 14:00,Female,Yes,No,No
639,2010-09-24 14:00,Female,No,No,Yes
640,2010-09-24 14:00,Female,Yes,No,No
641,2010-09-24 14:00,Female,No,No,No
642,2010-09-24 14:00,Female,No,No,No
643,2010-09-24 14:00,Male,No,No,No
644,2010-09-24 14:00,Male,No,No,No
645,2010-09-24 14:00,Male,No,No,No
646,2010-09-24 14:00,Male,Yes,No,No
647,2010-09-24 14:00,Male,No,No,No
648,2010-09-24 14:15,Male,Yes,No,No
649,2010-09-24 14:15,Male,No,No,No
650,2010-09-24 14:15,Male,No,No,No
651,2010-09-24 14:15,Male,No,No,No
652,2010-09-24 14:15,Female,No,No,No
653,2010-09-24 14:15,Male,No,No,No
654,2010-09-24 14:15,Male,No,No,No
655,2010-09-24 14:15,Male,No,No,No
656,2010-09-24 14:15,Male,Yes,No,No
657,2010-09-24 14:15,Male,Yes,No,No
658,2010-09-24 14:15,Male,No,No,No
659,2010-09-24 14:15,Female,No,No,No
660,2010-09-24 14:15,Male,Yes,No,No
661,2010-09-24 14:15,Male,Yes,No,No
662,2010-09-24 14:15,Female,Yes,No,No
663,2010-09-24 14:15,Male,No,No,No
664,2010-09-24 14:15,Female,Yes,No,No
665,2010-09-24 14:15,Female,No,No,No
666,2010-09-24 14:15,Male,No,No,No
667,2010-09-24 14:15,Male,No,No,No
668,2010-09-24 14:15,Male,Yes,No,No
669,2010-09-24 14:15,Male,No,No,No
670,2010-09-24 14:15,Female,Yes,No,No
671,2010-09-24 14:15,Male,Yes,No,No
672,2010-09-24 14:15,Male,Yes,No,No
673,2010-09-24 14:15,Female,Yes,No,No
674,2010-09-24 14:15,Male,No,No,No
675,2010-09-24 14:15,Male,No,No,No
676,2010-09-24 14:15,Female,Yes,No,No
677,2010-09-24 14:15,Female,No,No,Yes
678,2010-09-24 14:15,Male,No,No,No
679,2010-09-24 14:15,Male,No,No,Yes
680,2010-09-24 14:15,Female,No,No,No
681,2010-09-24 14:15,Female,No,No,No
682,2010-09-24 14:15,Female,Yes,No,No
683,2010-09-24 14:15,Male,No,No,No
684,2010-09-24 14:15,Female,No,No,No
685,2010-09-24 14:15,Female,No,No,No
686,2010-09-24 14:15,Male,No,No,No
687,2010-09-24 14:15,Male,Yes,No,No
688,2010-09-24 14:15,Male,No,No,No
689,2010-09-24 14:15,Female,Yes,No,No
690,2010-09-24 14:15,Male,No,No,No
691,2010-09-24 14:15,Female,Yes,No,No
692,2010-09-24 14:15,Female,No,No,No
693,2010-09-24 14:30,Male,Yes,No,No
694,2010-09-24 14:30,Male,No,No,No
695,2010-09-24 14:30,Male,No,No,No
696,2010-09-24 14:30,Male,No,No,No
697,2010-09-24 14:30,Female,Yes,No,Yes
698,2010-09-24 14:30,Male,Yes,No,No
699,2010-09-24 14:30,Female,Yes,No,No
700,2010-09-24 14:30,Male,No,No,No
701,2010-09-24 14:30,Female,Yes,No,No
702,2010-09-24 14:30,Male,No,No,No
703,2010-09-24 14:30,Male,No,No,Yes
704,2010-09-24 14:30,Female,No,No,Yes
705,2010-09-24 14:30,Male,No,No,No
706,2010-09-24 14:30,Male,Yes,No,No
707,2010-09-24 14:30,Male,No,No,No
708,2010-09-24 14:30,Female,Yes,No,No
709,2010-09-24 14:30,Male,Yes,No,No
710,2010-09-24 14:30,Female,No,No,No
711,2010-09-24 14:30,Female,Yes,No,No
712,2010-09-24 14:30,Male,No,No,No
713,2010-09-24 14:30,Female,Yes,No,No
714,2010-09-24 14:30,Male,No,No,No
715,2010-09-24 14:30,Male,Yes,No,No
716,2010-09-24 14:30,Male,No,No,No
717,2010-09-24 14:30,Male,No,No,No
718,2010-09-24 14:30,Male,No,No,No
719,2010-09-24 14:30,Female,No,No,No
720,2010-09-24 14:30,Female,No,No,No
721,2010-09-24 14:30,Female,No,No,No
722,2010-09-24 14:30,Male,No,No,No
723,2010-09-24 14:30,Female,Yes,No,No
724,2010-09-24 14:30,Female,Yes,No,No
725,2010-09-24 14:30,Male,No,No,No
726,2010-09-24 14:45,Female,Yes,No,No
727,2010-09-24 14:45,Male,No,No,No
728,2010-09-24 14:45,Female,Yes,No,No
729,2010-09-24 14:45,Male,No,No,No
730,2010-09-24 14:45,Male,No,No,No
731,2010-09-24 14:45,Male,Yes,No,No
732,2010-09-24 14:45,Male,No,No,No
733,2010-09-24 14:45,Female,Yes,No,No
734,2010-09-24 14:45,Female,Yes,No,No
735,2010-09-24 14:45,Male,No,No,No
736,2010-09-24 14:45,Female,No,No,No
737,2010-09-24 14:45,Female,Yes,No,No
738,2010-09-24 14:45,Female,No,No,No
739,2010-09-24 14:45,Male,Yes,No,No
740,2010-09-24 14:45,Female,No,No,No
741,2010-09-24 14:45,Male,No,No,Yes
742,2010-09-24 14:45,Male,Yes,No,No
743,2010-09-24 14:45,Female,Yes,No,No
744,2010-09-24 14:45,Male,Yes,No,No
745,2010-09-24 14:45,Female,No,No,No
746,2010-09-24 14:45,Female,No,No,No
747,2010-09-24 14:45,Male,No,No,Yes
748,2010-09-24 14:45,Male,No,No,No
749,2010-09-24 14:45,Male,Yes,No,No
750,2010-09-24 14:45,Male,Yes,No,No
751,2010-09-24 14:45,Female,Yes,No,No
752,2010-09-24 14:45,Male,No,No,No
753,2010-09-24 14:45,Female,Yes,No,No
754,2010-09-24 14:45,Male,Yes,No,No
755,2010-09-24 14:45,Female,Yes,No,No
756,2010-09-24 14:45,Female,Yes,No,No
757,2010-09-24 14:45,Male,No,No,No
758,2010-09-24 14:45,Female,No,No,No
759,2010-09-24 14:45,Male,No,No,No
760,2010-09-24 14:45,Male,No,No,No
761,2010-09-24 14:45,Female,Yes,No,No
762,2010-09-24 14:45,Female,Yes,No,No
763,2010-09-24 14:45,Female,No,No,No
764,2010-09-24 14:45,Male,No,No,No
765,2010-09-24 14:45,Female,Yes,No,No
766,2010-09-24 14:45,Female,No,No,No
767,2010-09-24 14:45,Female,No,No,Yes
768,2010-09-24 14:45,Female,No,No,No
769,2010-09-24 14:45,Male,Yes,No,No
770,2010-09-24 14:45,Male,No,No,No
771,2010-09-24 14:45,Male,No,No,No
772,2010-09-24 14:45,Male,No,No,No
773,2010-09-24 14:45,Male,No,No,No
774,2010-09-24 14:45,Male,Yes,No,No
775,2010-09-24 14:45,Male,No,No,No
776,2010-09-24 15:00,Male,Yes,No,No
777,2010-09-24 15:00,Male,No,No,No
778,2010-09-24 15:00,Male,Yes,No,Yes
779,2010-09-24 15:00,Female,No,No,No
780,2010-09-24 15:00,Female,Yes,No,No
781,2010-09-24 15:00,Male,Yes,No,No
782,2010-09-24 15:00,Male,Yes,No,No
783,2010-09-24 15:00,Male,Yes,No,No
784,2010-09-24 15:00,Male,Yes,No,No
785,2010-09-24 15:00,Female,No,No,No
786,2010-09-24 15:00,Male,No,No,No
787,2010-09-24 15:00,Male,Yes,No,No
788,2010-09-24 15:00,Male,Yes,No,No
789,2010-09-24 15:00,Female,Yes,No,No
790,2010-09-24 15:00,Female,Yes,No,No
791,2010-09-24 15:00,Female,No,No,No
792,2010-09-24 15:00,Female,Yes,No,No
793,2010-09-24 15:00,Male,No,No,No
794,2010-09-24 15:00,Female,No,No,No
795,2010-09-24 15:00,Male,No,No,No
796,2010-09-24 15:00,Female,No,No,No
797,2010-09-24 15:00,Male,Yes,No,No
798,2010-09-24 15:00,Male,Yes,No,No
799,2010-09-24 15:00,Female,No,No,No
800,2010-09-24 15:00,Female,Yes,No,No
801,2010-09-24 15:00,Male,No,No,No
802,2010-09-24 15:00,Male,No,No,No
803,2010-09-24 15:00,Female,Yes,No,No
804,2010-09-24 15:00,Female,Yes,No,No
805,2010-09-24 15:00,Female,Yes,No,No
806,2010-09-24 15:00,Male,No,No,No
807,2010-09-24 15:00,Female,Yes,No,No
808,2010-09-24 15:00,Male,Yes,No,No
809,2010-09-24 15:00,Female,No,No,No
810,2010-09-24 15:00,Female,Yes,No,No
811,2010-09-24 15:00,Male,No,No,No
812,2010-09-24 15:00,Male,No,No,No
813,2010-09-24 15:00,Female,No,No,No
814,2010-09-24 15:00,Female,Yes,No,No
815,2010-09-24 15:00,Female,No,No,No
816,2010-09-24 15:00,Female,No,No,No
817,2010-09-24 15:00,Male,Yes,No,No
818,2010-09-24 15:00,Female,No,No,No
819,2010-09-24 15:00,Male,Yes,No,Yes
820,2010-09-24 15:00,Male,No,No,No
821,2010-09-24 15:00,Male,Yes,No,No
822,2010-09-24 15:00,Male,Yes,No,No
823,2010-09-24 15:00,Female,Yes,No,No
824,2010-09-24 15:00,Male,Yes,No,No
825,2010-09-24 15:15,Female,No,No,No
826,2010-09-24 15:15,Female,No,No,No
827,2010-09-24 15:15,Female,Yes,No,No
828,2010-09-24 15:15,Male,No,No,No
829,2010-09-24 15:15,Male,Yes,No,No
830,2010-09-24 15:15,Male,Yes,No,No
831,2010-09-24 15:15,Female,Yes,No,No
832,2010-09-24 15:15,Male,No,No,No
833,2010-09-24 15:15,Female,Yes,No,No
834,2010-09-24 15:15,Male,Yes,No,No
835,2010-09-24 15:15,Female,Yes,No,No
836,2010-09-24 15:15,Female,Yes,No,No
837,2010-09-24 15:15,Female,Yes,No,No
838,2010-09-24 15:15,Male,No,No,No
839,2010-09-24 15:15,Male,No,No,No
840,2010-09-24 15:15,Female,No,No,No
841,2010-09-24 15:15,Female,Yes,No,No
842,2010-09-24 15:15,Male,No,No,No
843,2010-09-24 15:15,Female,No,No,No
844,2010-09-24 15:15,Female,No,No,No
845,2010-09-24 15:15,Female,Yes,No,No
846,2010-09-24 15:15,Male,Yes,No,No
847,2010-09-24 15:15,Male,Yes,No,No
848,2010-09-24 15:15,Male,Yes,No,No
849,2010-09-24 15:15,Male,No,No,No
850,2010-09-24 15:15,Male,No,No,No
851,2010-09-24 15:15,Male,Yes,No,No
852,2010-09-24 15:15,Female,No,No,No
853,2010-09-24 15:15,Male,No,No,No
854,2010-09-24 15:15,Male,No,No,No
855,2010-09-24 15:15,Male,No,No,No
856,2010-09-24 15:15,Male,Yes,No,No
857,2010-09-24 15:15,Male,Yes,No,No
858,2010-09-24 15:15,Female,No,No,No
859,2010-09-24 15:15,Female,No,No,No
860,2010-09-24 15:15,Female,No,No,No
861,2010-09-24 15:15,Female,No,No,No
862,2010-09-24 15:15,Male,No,No,No
863,2010-09-24 15:15,Female,No,No,No
864,2010-09-24 15:15,Female,Yes,No,No
865,2010-09-24 15:15,Female,Yes,No,No
866,2010-09-24 15:15,Male,No,No,No
867,2010-09-24 15:15,Female,No,No,No
868,2010-09-24 15:15,Male,Yes,No,No
869,2010-09-24 15:15,Male,Yes,No,Yes
870,2010-09-24 15:15,Male,No,No,Yes
871,2010-09-24 15:15,Female,Yes,No,No
872,2010-09-24 15:15,Male,No,No,No
873,2010-09-24 15:15,Female,Yes,No,No
874,2010-09-24 15:15,Male,Yes,No,No
875,2010-09-24 15:15,Male,Yes,No,No
876,2010-09-24 15:30,Male,Yes,No,No
877,2010-09-24 15:30,Male,No,No,No
878,2010-09-24 15:30,Female,No,No,No
879,2010-09-24 15:30,Male,No,No,No
880,2010-09-24 15:30,Male,No,No,No
881,2010-09-24 15:30,Male,No,No,No
882,2010-09-24 15:30,Female,Yes,No,No
883,2010-09-24 15:30,Male,No,No,No
884,2010-09-24 15:30,Male,Yes,No,No
885,2010-09-24 15:30,Female,Yes,No,No
886,2010-09-24 15:30,Female,Yes,No,No
887,2010-09-24 15:30,Female,No,No,No
888,2010-09-24 15:30,Female,Yes,No,No
889,2010-09-24 15:30,Male,No,No,No
890,2010-09-24 15:30,Female,No,No,No
891,2010-09-24 15:30,Male,No,No,No
892,2010-09-24 15:30,Female,Yes,No,No
893,2010-09-24 15:30,Male,Yes,No,No
894,2010-09-24 15:30,Male,No,No,No
895,2010-09-24 15:30,Male,No,No,No
896,2010-09-24 15:30,Male,Yes,No,No
897,2010-09-24 15:30,Female,Yes,No,No
898,2010-09-24 15:30,Female,Yes,No,No
899,2010-09-24 15:30,Male,No,No,No
900,2010-09-24 15:30,Male,No,No,No
901,2010-09-24 15:30,Female,Yes,No,No
902,2010-09-24 15:30,Male,Yes,No,No
903,2010-09-24 15:30,Female,No,No,No
904,2010-09-24 15:30,Female,No,No,No
905,2010-09-24 15:30,Male,No,No,No
906,2010-09-24 15:30,Male,No,No,No
907,2010-09-24 15:30,Male,No,No,No
908,2010-09-24 15:30,Female,Yes,No,No
909,2010-09-24 15:30,Male,Yes,No,No
910,2010-09-24 15:30,Female,Yes,No,No
911,2010-09-24 15:30,Male,No,No,No
912,2010-09-24 15:30,Male,No,No,No
913,2010-09-24 15:30,Male,No,No,No
914,2010-09-24 15:30,Male,Yes,No,No
915,2010-09-24 15:30,Female,No,No,No
916,2010-09-24 15:30,Male,No,No,No
917,2010-09-24 15:30,Male,Yes,No,No
918,2010-09-24 15:30,Male,No,No,No
919,2010-09-24 15:30,Female,No,No,No
920,2010-09-24 15:30,Male,No,No,No
921,2010-09-24 15:30,Male,Yes,No,No
922,2010-09-24 15:30,Male,Yes,No,No
923,2010-09-24 15:30,Male,No,No,No
924,2010-09-24 15:30,Female,Yes,No,No
925,2010-09-24 15:30,Female,Yes,No,No
926,2010-09-24 15:30,Male,No,No,No
927,2010-09-24 15:30,Male,No,No,No
928,2010-09-24 15:30,Male,Yes,No,No
929,2010-09-24 15:30,Female,No,No,No
930,2010-09-24 15:30,Male,No,No,No
931,2010-09-24 15:30,Female,No,No,No
932,2010-09-24 15:30,Female,No,No,No
933,2010-09-24 15:30,Female,Yes,No,No
934,2010-09-24 15:30,Female,Yes,No,No
935,2010-09-24 15:30,Male,No,No,No
936,2010-09-24 15:30,Male,Yes,No,No
937,2010-09-24 15:45,Male,Yes,No,No
938,2010-09-24 15:45,Male,No,No,No
939,2010-09-24 15:45,Female,No,No,Yes
940,2010-09-24 15:45,Male,No,No,No
941,2010-09-24 15:45,Male,Yes,No,No
942,2010-09-24 15:45,Male,No,No,No
943,2010-09-24 15:45,Male,Yes,No,No
944,2010-09-24 15:45,Male,Yes,No,No
945,2010-09-24 15:45,Female,Yes,No,No
946,2010-09-24 15:45,Female,Yes,No,No
947,2010-09-24 15:45,Female,No,No,No
948,2010-09-24 15:45,Male,No,No,No
949,2010-09-24 15:45,Female,No,No,No
950,2010-09-24 15:45,Male,No,No,No
951,2010-09-24 15:45,Male,Yes,No,No
952,2010-09-24 15:45,Male,No,No,No
953,2010-09-24 15:45,Male,No,No,No
954,2010-09-24 15:45,Male,No,No,No
955,2010-09-24 15:45,Female,Yes,No,No
956,2010-09-24 15:45,Male,No,No,No
957,2010-09-24 15:45,Male,No,No,No
958,2010-09-24 15:45,Male,No,No,No
959,2010-09-24 15:45,Female,Yes,No,No
960,2010-09-24 15:45,Female,Yes,No,No
961,2010-09-24 15:45,Female,Yes,No,No
962,2010-09-24 15:45,Male,Yes,No,No
963,2010-09-24 15:45,Female,No,No,Yes
964,2010-09-24 15:45,Male,Yes,No,No
965,2010-09-24 15:45,Female,No,No,No
966,2010-09-24 15:45,Male,Yes,No,No
967,2010-09-24 15:45,Male,No,No,No
968,2010-09-24 15:45,Female,Yes,No,No
969,2010-09-24 15:45,Female,Yes,No,No
970,2010-09-24 15:45,Male,Yes,No,No
971,2010-09-24 15:45,Female,Yes,No,No
972,2010-09-24 15:45,Female,No,No,No
973,2010-09-24 15:45,Female,No,No,No
974,2010-09-24 15:45,Male,Yes,No,No
975,2010-09-24 15:45,Female,Yes,No,No
976,2010-09-24 15:45,Male,No,No,No
977,2010-09-24 15:45,Female,No,No,No
978,2010-09-24 15:45,Female,Yes,No,No
979,2010-09-24 15:45,Female,No,No,No
980,2010-09-24 15:45,Male,Yes,No,No
981,2010-09-24 15:45,Male,Yes,No,No
982,2010-09-24 15:45,Male,Yes,No,No
983,2010-09-24 15:45,Female,No,No,No
984,2010-09-24 15:45,Male,Yes,No,No
985,2010-09-24 15:45,Male,No,No,No
986,2010-09-24 15:45,Male,No,No,No
987,2010-09-24 15:45,Male,No,No,No
988,2010-09-24 15:45,Female,No,No,No
989,2010-09-24 15:45,Female,Yes,No,No
990,2010-09-24 15:45,Female,Yes,No,No
991,2010-09-24 15:45,Female,Yes,No,No
992,2010-09-24 15:45,Male,Yes,No,No
993,2010-09-24 15:45,Female,No,No,No
994,2010-09-24 15:45,Male,No,No,No
995,2010-09-24 15:45,Male,Yes,No,No
996,2010-09-24 15:45,Male,No,No,No
997,2010-09-24 15:45,Male,Yes,No,No
998,2010-09-24 15:45,Male,No,No,No
999,2010-09-24 15:45,Female,No,No,No
1000,2010-09-24 15:45,Female,No,No,No
1001,2010-09-24 15:45,Female,Yes,No,No
1002,2010-09-24 15:45,Female,No,No,No
1003,2010-09-24 15:45,Male,Yes,No,No
1004,2010-09-24 15:45,Female,Yes,No,No
1005,2010-09-24 15:45,Male,Yes,No,No
1006,2010-09-24 15:45,Female,No,No,No
1007,2010-09-24 15:45,Female,Yes,No,No
1008,2010-09-24 15:45,Female,No,No,No
1009,2010-09-24 15:45,Female,No,No,No
1010,2010-09-24 15:45,Male,Yes,No,No
1011,2010-09-24 15:45,Female,Yes,No,No
1012,2010-09-24 15:45,Male,Yes,No,No
1013,2010-09-24 15:45,Female,Yes,No,No
1014,2010-09-24 15:45,Male,Yes,No,No
1015,2010-09-24 15:45,Female,No,No,No
1016,2010-09-24 16:00,Female,Yes,No,No
1017,2010-09-24 16:00,Female,Yes,No,No
1018,2010-09-24 16:00,Male,Yes,No,No
1019,2010-09-24 16:00,Male,No,No,No
1020,2010-09-24 16:00,Male,No,No,No
1021,2010-09-24 16:00,Female,Yes,No,No
1022,2010-09-24 16:00,Male,No,No,No
1023,2010-09-24 16:00,Female,No,No,No
1024,2010-09-24 16:00,Female,Yes,No,No
1025,2010-09-24 16:00,Male,No,No,No
1026,2010-09-24 16:00,Male,No,No,No
1027,2010-09-24 16:00,Female,No,No,Yes
1028,2010-09-24 16:00,Male,Yes,No,No
1029,2010-09-24 16:00,Female,Yes,No,No
1030,2010-09-24 16:00,Female,No,No,No
1031,2010-09-24 16:00,Male,No,No,No
1032,2010-09-24 16:00,Male,No,No,No
1033,2010-09-24 16:00,Female,Yes,No,No
1034,2010-09-24 16:00,Female,No,No,No
1035,2010-09-24 16:00,Male,Yes,No,No
1036,2010-09-24 16:00,Male,Yes,No,No
1037,2010-09-24 16:00,Male,Yes,No,No
1038,2010-09-24 16:00,Male,No,No,No
1039,2010-09-24 16:00,Male,Yes,No,No
1040,2010-09-24 16:00,Female,No,No,No
1041,2010-09-24 16:00,Female,No,No,No
1042,2010-09-24 16:00,Male,No,No,No
1043,2010-09-24 16:00,Female,No,No,No
1044,2010-09-24 16:00,Female,Yes,No,No
1045,2010-09-24 16:00,Male,No,No,No
1046,2010-09-24 16:00,Male,Yes,No,No
1047,2010-09-24 16:00,Male,No,No,No
1048,2010-09-24 16:00,Female,No,No,No
1049,2010-09-24 16:00,Female,Yes,No,No
1050,2010-09-24 16:00,Male,Yes,No,No
1051,2010-09-24 16:00,Male,No,No,No
1052,2010-09-24 16:00,Female,Yes,No,No
1053,2010-09-24 16:00,Male,Yes,No,No
1054,2010-09-24 16:00,Male,No,No,No
1055,2010-09-24 16:00,Male,Yes,No,No
1056,2010-09-24 16:00,Male,No,No,No
1057,2010-09-24 16:00,Female,Yes,No,No
1058,2010-09-24 16:00,Male,Yes,No,No
1059,2010-09-24 16:00,Male,No,No,No
1060,2010-09-24 16:00,Male,No,No,No
1061,2010-09-24 16:00,Male,No,No,No
1062,2010-09-24 16:00,Female,Yes,No,No
1063,2010-09-24 16:00,Male,Yes,No,No
1064,2010-09-24 16:00,Male,Yes,No,No
1065,2010-09-24 16:00,Male,No,No,No
1066,2010-09-24 16:00,Female,No,No,No
1067,2010-09-24 16:00,Female,Yes,No,No
1068,2010-09-24 16:00,Male,No,No,No
1069,2010-09-24 16:00,Female,No,No,No
1070,2010-09-24 16:00,Male,Yes,No,No
1071,2010-09-24 16:00,Male,Yes,No,No
1072,2010-09-24 16:00,Female,No,No,No
1073,2010-09-24 16:00,Female,Yes,No,No
1074,2010-09-24 16:00,Female,Yes,No,No
1075,2010-09-24 16:00,Male,Yes,No,No
1076,2010-09-24 16:00,Female,No,No,No
1077,2010-09-24 16:00,Female,Yes,No,No
1078,2010-09-24 16:00,Female,Yes,No,No
1079,2010-09-24 16:00,Male,Yes,No,No
1080,2010-09-24 16:00,Male,No,No,No
1081,2010-09-24 16:00,Female,No,No,No
1082,2010-09-24 16:00,Male,Yes,No,No
1083,2010-09-24 16:00,Female,No,No,No
1084,2010-09-24 16:00,Male,Yes,No,No
1085,2010-09-24 16:00,Male,Yes,No,No
1086,2010-09-24 16:00,Male,No,No,No
1087,2010-09-24 16:00,Female,Yes,No,No
1088,2010-09-24 16:00,Female,Yes,No,No
1089,2010-09-24 16:00,Male,No,No,No
1090,2010-09-24 16:00,Female,No,No,No
1091,2010-09-24 16:00,Male,No,No,No
1092,2010-09-24 16:00,Female,Yes,No,No
1093,2010-09-24 16:00,Male,Yes,No,No
1094,2010-09-24 16:00,Male,No,No,No
1095,2010-09-24 16:00,Male,No,No,No
1096,2010-09-24 16:00,Female,No,No,No
1097,2010-09-24 16:00,Male,No,No,No
1098,2010-09-24 16:00,Female,Yes,No,No
1099,2010-09-24 16:00,Female,Yes,No,No
1100,2010-09-24 16:00,Female,No,No,No
1101,2010-09-24 16:00,Male,Yes,No,No
1102,2010-09-24 16:00,Male,Yes,No,No
1103,2010-09-24 16:00,Female,No,No,No
1104,2010-09-24 16:00,Female,No,No,No
1105,2010-09-24 16:00,Male,No,No,No
1106,2010-09-24 16:00,Male,No,No,No
1107,2010-09-24 16:00,Male,Yes,No,No
1108,2010-09-24 16:00,Female,Yes,No,No
1109,2010-09-24 16:00,Male,No,No,No
1110,2010-09-24 16:00,Male,No,No,No
1111,2010-09-24 16:00,Female,Yes,No,No
1112,2010-09-24 16:00,Female,Yes,No,No
1113,2010-09-24 16:00,Female,No,No,No
1114,2010-09-24 16:00,Male,Yes,No,No
1115,2010-09-24 16:00,Female,No,No,No
1116,2010-09-24 16:00,Male,No,No,No
1117,2010-09-24 16:15,Male,No,No,No
1118,2010-09-24 16:15,Female,Yes,No,No
1119,2010-09-24 16:15,Female,No,No,No
1120,2010-09-24 16:15,Female,Yes,No,No
1121,2010-09-24 16:15,Male,Yes,No,No
1122,2010-09-24 16:15,Female,Yes,No,No
1123,2010-09-24 16:15,Female,No,No,No
1124,2010-09-24 16:15,Male,No,No,No
1125,2010-09-24 16:15,Female,No,No,No
1126,2010-09-24 16:15,Male,No,No,No
1127,2010-09-24 16:15,Female,No,No,No
1128,2010-09-24 16:15,Female,No,No,Yes
1129,2010-09-24 16:15,Male,No,No,No
1130,2010-09-24 16:15,Female,No,No,No
1131,2010-09-24 16:15,Male,Yes,No,No
1132,2010-09-24 16:15,Female,No,No,No
1133,2010-09-24 16:15,Male,Yes,No,No
1134,2010-09-24 16:15,Male,Yes,No,No
1135,2010-09-24 16:15,Female,Yes,No,No
1136,2010-09-24 16:15,Female,No,No,No
1137,2010-09-24 16:15,Male,No,No,No
1138,2010-09-24 16:15,Male,Yes,No,No
1139,2010-09-24 16:15,Female,No,No,No
1140,2010-09-24 16:15,Female,Yes,No,No
1141,2010-09-24 16:15,Male,No,No,No
1142,2010-09-24 16:15,Female,No,No,No
1143,2010-09-24 16:15,Male,No,No,No
1144,2010-09-24 16:15,Female,Yes,No,No
1145,2010-09-24 16:15,Male,No,No,No
1146,2010-09-24 16:15,Female,No,No,No
1147,2010-09-24 16:15,Female,No,No,No
1148,2010-09-24 16:15,Male,No,No,No
1149,2010-09-24 16:15,Male,No,No,No
1150,2010-09-24 16:15,Male,Yes,No,No
1151,2010-09-24 16:15,Male,Yes,No,No
1152,2010-09-24 16:15,Male,Yes,No,No
1153,2010-09-24 16:15,Male,No,No,Yes
1154,2010-09-24 16:15,Female,Yes,No,No
1155,2010-09-24 16:15,Male,No,No,No
1156,2010-09-24 16:15,Female,Yes,No,No
1157,2010-09-24 16:15,Male,Yes,No,No
1158,2010-09-24 16:15,Female,No,No,No
1159,2010-09-24 16:15,Male,Yes,No,No
1160,2010-09-24 16:15,Male,Yes,No,No
1161,2010-09-24 16:15,Male,No,No,No
1162,2010-09-24 16:15,Female,Yes,No,No
1163,2010-09-24 16:15,Female,Yes,No,No
1164,2010-09-24 16:15,Male,No,No,No
1165,2010-09-24 16:15,Male,Yes,No,No
1166,2010-09-24 16:15,Female,No,No,No
1167,2010-09-24 16:15,Male,No,No,No
1168,2010-09-24 16:15,Female,Yes,No,No
1169,2010-09-24 16:15,Male,No,No,No
1170,2010-09-24 16:15,Female,Yes,No,No
1171,2010-09-24 16:15,Male,Yes,No,No
1172,2010-09-24 16:15,Male,Yes,No,No
1173,2010-09-24 16:30,Female,No,No,No
1174,2010-09-24 16:30,Male,No,No,No
1175,2010-09-24 16:30,Male,No,No,No
1176,2010-09-24 16:30,Male,Yes,No,No
1177,2010-09-24 16:30,Male,No,No,No
1178,2010-09-24 16:30,Female,No,No,No
1179,2010-09-24 16:30,Female,Yes,No,No
1180,2010-09-24 16:30,Female,No,No,No
1181,2010-09-24 16:30,Male,Yes,No,No
1182,2010-09-24 16:30,Male,No,No,No
1183,2010-09-24 16:30,Female,No,No,No
1184,2010-09-24 16:30,Female,Yes,No,No
1185,2010-09-24 16:30,Female,Yes,No,No
1186,2010-09-24 16:30,Male,Yes,No,No
1187,2010-09-24 16:30,Female,No,No,No
1188,2010-09-24 16:30,Male,Yes,No,No
1189,2010-09-24 16:30,Female,Yes,No,No
1190,2010-09-24 16:30,Male,No,No,No
1191,2010-09-24 16:30,Male,Yes,No,No
1192,2010-09-24 16:30,Female,Yes,No,No
1193,2010-09-24 16:30,Male,No,No,No
1194,2010-09-24 16:30,Female,Yes,No,No
1195,2010-09-24 16:30,Male,No,No,No
1196,2010-09-24 16:30,Female,Yes,No,No
1197,2010-09-24 16:30,Male,Yes,No,No
1198,2010-09-24 16:30,Male,Yes,No,No
1199,2010-09-24 16:30,Male,Yes,No,No
1200,2010-09-24 16:30,Male,Yes,No,No
1201,2010-09-24 16:30,Male,No,No,No
1202,2010-09-24 16:30,Female,Yes,No,No
1203,2010-09-24 16:30,Female,Yes,No,No
1204,2010-09-24 16:30,Male,No,No,No
1205,2010-09-24 16:30,Female,No,No,No
1206,2010-09-24 16:30,Female,No,No,No
1207,2010-09-24 16:30,Male,Yes,No,No
1208,2010-09-24 16:30,Female,No,No,No
1209,2010-09-24 16:30,Male,Yes,No,No
1210,2010-09-24 16:30,Female,Yes,No,No
1211,2010-09-24 16:30,Male,No,No,Yes
1212,2010-09-24 16:30,Male,No,No,Yes
1213,2010-09-24 16:30,Female,Yes,No,No
1214,2010-09-24 16:30,Female,No,No,No
1215,2010-09-24 16:30,Female,No,No,No
1216,2010-09-24 16:30,Male,Yes,No,No
1217,2010-09-24 16:30,Female,No,No,No
1218,2010-09-24 16:30,Male,Yes,No,No
1219,2010-09-24 16:30,Male,Yes,No,No
1220,2010-09-24 16:30,Male,No,No,No
1221,2010-09-24 16:30,Female,No,No,No
1222,2010-09-24 16:30,Male,No,No,No
1223,2010-09-24 16:30,Male,Yes,No,No
1224,2010-09-24 16:45,Male,Yes,No,No
1225,2010-09-24 16:45,Male,No,No,No
1226,2010-09-24 16:45,Male,Yes,No,No
1227,2010-09-24 16:45,Male,Yes,No,No
1228,2010-09-24 16:45,Female,Yes,No,No
1229,2010-09-24 16:45,Male,No,No,No
1230,2010-09-24 16:45,Male,Yes,No,No
1231,2010-09-24 16:45,Male,Yes,No,No
1232,2010-09-24 16:45,Male,Yes,No,No
1233,2010-09-24 16:45,Male,Yes,No,No
1234,2010-09-24 16:45,Female,Yes,No,No
1235,2010-09-24 16:45,Female,No,No,No
1236,2010-09-24 16:45,Female,No,No,No
1237,2010-09-24 16:45,Female,Yes,No,No
1238,2010-09-24 16:45,Male,No,No,No
1239,2010-09-24 16:45,Female,No,No,No
1240,2010-09-24 16:45,Male,Yes,No,No
1241,2010-09-24 16:45,Female,No,No,No
1242,2010-09-24 16:45,Male,Yes,No,No
1243,2010-09-24 16:45,Male,Yes,No,No
1244,2010-09-24 16:45,Female,Yes,No,No
1245,2010-09-24 16:45,Female,No,No,No
1246,2010-09-24 16:45,Male,No,No,No
1247,2010-09-24 16:45,Female,Yes,No,No
1248,2010-09-24 16:45,Male,No,No,No
1249,2010-09-24 16:45,Male,Yes,No,No
1250,2010-09-24 16:45,Female,Yes,No,No
1251,2010-09-24 16:45,Female,Yes,No,No
1252,2010-09-24 16:45,Male,Yes,No,No
1253,2010-09-24 16:45,Female,Yes,No,No
1254,2010-09-24 16:45,Male,No,No,No
1255,2010-09-24 16:45,Female,Yes,No,No
1256,2010-09-24 16:45,Male,No,No,No
1257,2010-09-24 16:45,Male,Yes,No,No
1258,2010-09-24 16:45,Male,No,No,No
1259,2010-09-24 16:45,Male,Yes,No,No
1260,2010-09-24 16:45,Male,No,No,No
1261,2010-09-24 16:45,Male,No,No,No
1262,2010-09-24 16:45,Female,Yes,No,No
1263,2010-09-24 16:45,Female,Yes,No,No
1264,2010-09-24 16:45,Female,No,No,No
1265,2010-09-24 16:45,Male,No,No,No
1266,2010-09-24 16:45,Male,Yes,No,No
1267,2010-09-24 16:45,Male,No,No,No
1268,2010-09-24 16:45,Male,No,No,No
1269,2010-09-24 16:45,Male,No,No,No
1270,2010-09-24 16:45,Male,No,No,No
1271,2010-09-24 16:45,Female,Yes,No,No
1272,2010-09-24 16:45,Male,No,No,No
1273,2010-09-24 16:45,Male,No,No,No
1274,2010-09-24 16:45,Female,Yes,No,No
1275,2010-09-24 16:45,Female,Yes,No,No
1276,2010-09-24 16:45,Male,No,No,No
1277,2010-09-24 16:45,Female,Yes,No,No
1278,2010-09-24 16:45,Male,No,No,No
1279,2010-09-24 16:45,Male,No,No,Yes
1280,2010-09-24 16:45,Female,Yes,No,No
1281,2010-09-24 16:45,Female,Yes,No,No
1282,2010-09-24 16:45,Female,Yes,No,No
1283,2010-09-24 16:45,Male,No,No,No
1284,2010-09-24 16:45,Male,Yes,No,No
1285,2010-09-24 16:45,Male,No,No,No
1286,2010-09-24 16:45,Male,Yes,No,No
1287,2010-09-24 16:45,Female,No,No,No
1288,2010-09-24 16:45,Female,No,No,No
1289,2010-09-24 16:45,Female,No,No,No
1290,2010-09-24 16:45,Male,Yes,No,No
1291,2010-09-24 16:45,Female,Yes,No,No
1292,2010-09-24 16:45,Female,No,No,No
1293,2010-09-24 16:45,Female,Yes,No,No
1294,2010-09-24 16:45,Female,No,No,No
1295,2010-09-24 16:45,Male,Yes,No,Yes
1296,2010-09-24 16:45,Female,Yes,No,No
1297,2010-09-24 16:45,Female,Yes,No,No
1298,2010-09-24 16:45,Male,No,No,No
1299,2010-09-24 17:00,Male,Yes,No,No
1300,2010-09-24 17:00,Male,Yes,No,No
1301,2010-09-24 17:00,Male,No,No,No
1302,2010-09-24 17:00,Female,No,No,No
1303,2010-09-24 17:00,Male,No,No,No
1304,2010-09-24 17:00,Male,Yes,No,No
1305,2010-09-24 17:00,Male,Yes,No,No
1306,2010-09-24 17:00,Female,No,No,No
1307,2010-09-24 17:00,Male,No,No,No
1308,2010-09-24 17:00,Male,No,No,No
1309,2010-09-24 17:00,Female,Yes,No,No
1310,2010-09-24 17:00,Male,Yes,No,No
1311,2010-09-24 17:00,Male,Yes,No,No
1312,2010-09-24 17:00,Male,No,No,No
1313,2010-09-24 17:00,Male,No,No,No
1314,2010-09-24 17:00,Male,Yes,No,No
1315,2010-09-24 17:00,Female,No,No,No
1316,2010-09-24 17:00,Female,Yes,No,No
1317,2010-09-24 17:00,Male,Yes,No,No
1318,2010-09-24 17:00,Female,Yes,No,No
1319,2010-09-24 17:00,Female,No,No,No
1320,2010-09-24 17:00,Male,Yes,No,Yes
1321,2010-09-24 17:00,Male,No,No,No
1322,2010-09-24 17:00,Male,Yes,No,No
1323,2010-09-24 17:00,Female,Yes,No,No
1324,2010-09-24 17:00,Male,No,No,No
1325,2010-09-24 17:00,Male,No,No,No
1326,2010-09-24 17:00,Male,No,No,No
1327,2010-09-24 17:00,Male,No,No,No
1328,2010-09-24 17:00,Female,Yes,No,No
1329,2010-09-24 17:00,Female,Yes,No,No
1330,2010-09-24 17:00,Male,No,No,No
1331,2010-09-24 17:00,Female,No,No,No
1332,2010-09-24 17:00,Female,No,No,No
1333,2010-09-24 17:00,Male,No,No,No
1334,2010-09-24 17:00,Female,Yes,No,No
1335,2010-09-24 17:00,Female,No,No,No
1336,2010-09-24 17:00,Male,Yes,No,No
1337,2010-09-24 17:00,Male,Yes,No,No
1338,2010-09-24 17:00,Female,No,No,No
1339,2010-09-24 17:00,Female,No,No,No
1340,2010-09-24 17:00,Female,No,No,No
1341,2010-09-24 17:00,Male,Yes,No,No
1342,2010-09-24 17:00,Female,No,No,No
1343,2010-09-24 17:00,Male,Yes,No,No
1344,2010-09-24 17:00,Male,No,No,No
1345,2010-09-24 17:00,Male,No,No,No
1346,2010-09-24 17:00,Female,No,No,No
1347,2010-09-24 17:00,Female,Yes,No,No
1348,2010-09-24 17:00,Female,Yes,No,No
1349,2010-09-24 17:00,Male,Yes,No,No
1350,2010-09-24 17:00,Male,Yes,No,No
1351,2010-09-24 17:00,Male,Yes,No,No
1352,2010-09-24 17:00,Female,Yes,No,No
1353,2010-09-24 17:00,Female,No,No,No
1354,2010-09-24 17:00,Male,Yes,No,No
1355,2010-09-24 17:00,Female,No,No,No
1356,2010-09-24 17:00,Female,Yes,No,No
1357,2010-09-24 17:00,Male,No,No,No
1358,2010-09-24 17:00,Male,No,No,No
1359,2010-09-24 17:00,Female,Yes,No,No
1360,2010-09-24 17:00,Male,Yes,No,No
1361,2010-09-24 17:00,Male,No,No,No
1362,2010-09-24 17:00,Female,No,No,No
1363,2010-09-24 17:00,Male,No,No,No
1364,2010-09-24 17:00,Female,No,No,No
1365,2010-09-24 17:00,Female,Yes,No,No
1366,2010-09-24 17:00,Male,Yes,No,No
1367,2010-09-24 17:00,Female,No,No,No
1368,2010-09-24 17:00,Male,No,No,No
1369,2010-09-24 17:00,Male,No,No,No
1370,2010-09-24 17:00,Female,No,No,No
1371,2010-09-24 17:00,Female,Yes,No,No
1372,2010-09-24 17:00,Male,Yes,No,No
1373,2010-09-24 17:00,Male,No,No,No
1374,2010-09-24 17:00,Male,Yes,No,No
1375,2010-09-24 17:00,Female,No,No,No
1376,2010-09-24 17:00,Female,Yes,No,No
1377,2010-09-24 17:00,Female,No,No,No
1378,2010-09-24 17:00,Male,Yes,No,No
1379,2010-09-24 17:00,Female,Yes,No,No
1380,2010-09-24 17:00,Male,Yes,No,No
1381,2010-09-24 17:00,Male,No,No,No
1382,2010-09-24 17:00,Female,No,No,No
1383,2010-09-24 17:00,Male,No,No,No
1384,2010-09-24 17:00,Female,Yes,No,No
1385,2010-09-24 17:00,Male,No,No,No
1386,2010-09-24 17:00,Male,Yes,No,No
1387,2010-09-24 17:00,Male,Yes,No,Yes
1388,2010-09-24 17:00,Female,No,No,No
1389,2010-09-24 17:00,Female,No,No,No
1390,2010-09-24 17:00,Male,No,No,No
1391,2010-09-24 17:00,Female,No,No,No
1392,2010-09-24 17:00,Male,Yes,No,No
1393,2010-09-24 17:00,Male,Yes,No,No
1394,2010-09-24 17:00,Male,No,No,No
1395,2010-09-24 17:00,Female,Yes,No,No
1396,2010-09-24 17:00,Female,No,No,No
1397,2010-09-24 17:00,Female,Yes,Yes,No
1398,2010-09-24 17:00,Female,Yes,No,No
1399,2010-09-24 17:00,Female,No,No,No
1400,2010-09-24 17:00,Male,Yes,No,No
1401,2010-09-24 17:00,Female,Yes,No,Yes
1402,2010-09-24 17:00,Male,Yes,No,No
1403,2010-09-24 17:15,Female,Yes,No,No
1404,2010-09-24 17:15,Male,Yes,No,No
1405,2010-09-24 17:15,Male,Yes,No,No
1406,2010-09-24 17:15,Male,No,No,No
1407,2010-09-24 17:15,Male,Yes,No,No
1408,2010-09-24 17:15,Female,No,No,No
1409,2010-09-24 17:15,Male,No,No,No
1410,2010-09-24 17:15,Female,No,No,No
1411,2010-09-24 17:15,Female,No,No,No
1412,2010-09-24 17:15,Male,No,No,No
1413,2010-09-24 17:15,Female,Yes,No,No
1414,2010-09-24 17:15,Female,Yes,Yes,No
1415,2010-09-24 17:15,Female,Yes,No,Yes
1416,2010-09-24 17:15,Male,No,No,No
1417,2010-09-24 17:15,Male,No,No,No
1418,2010-09-24 17:15,Male,Yes,No,No
1419,2010-09-24 17:15,Male,Yes,No,No
1420,2010-09-24 17:15,Male,No,No,No
1421,2010-09-24 17:15,Male,Yes,No,No
1422,2010-09-24 17:15,Male,No,No,No
1423,2010-09-24 17:15,Female,Yes,No,No
1424,2010-09-24 17:15,Male,Yes,No,No
1425,2010-09-24 17:15,Male,Yes,No,No
1426,2010-09-24 17:15,Male,No,No,No
1427,2010-09-24 17:15,Male,No,No,No
1428,2010-09-24 17:15,Male,No,No,No
1429,2010-09-24 17:15,Female,No,No,No
1430,2010-09-24 17:15,Male,No,No,No
1431,2010-09-24 17:15,Female,Yes,No,No
1432,2010-09-24 17:15,Male,Yes,No,No
1433,2010-09-24 17:15,Male,No,No,No
1434,2010-09-24 17:15,Female,Yes,No,No
1435,2010-09-24 17:15,Male,No,No,No
1436,2010-09-24 17:15,Male,Yes,No,No
1437,2010-09-24 17:15,Female,No,No,No
1438,2010-09-24 17:15,Male,No,No,No
1439,2010-09-24 17:15,Female,Yes,No,No
1440,2010-09-24 17:15,Female,Yes,Yes,No
1441,2010-09-24 17:15,Female,No,No,No
1442,2010-09-24 17:15,Female,Yes,No,No
1443,2010-09-24 17:15,Male,Yes,No,No
1444,2010-09-24 17:15,Male,Yes,No,No
1445,2010-09-24 17:15,Male,Yes,No,No
1446,2010-09-24 17:15,Male,No,No,No
1447,2010-09-24 17:15,Female,Yes,No,No
1448,2010-09-24 17:15,Male,Yes,No,No
1449,2010-09-24 17:15,Male,Yes,No,No
1450,2010-09-24 17:15,Male,Yes,No,No
1451,2010-09-24 17:15,Female,No,No,No
1452,2010-09-24 17:15,Female,Yes,No,No
1453,2010-09-24 17:15,Male,Yes,No,No
1454,2010-09-24 17:15,Female,Yes,No,No
1455,2010-09-24 17:15,Male,No,No,No
1456,2010-09-24 17:15,Male,Yes,No,No
1457,2010-09-24 17:15,Female,No,No,No
1458,2010-09-24 17:15,Male,No,No,No
1459,2010-09-24 17:15,Male,No,No,No
1460,2010-09-24 17:15,Male,Yes,No,No
1461,2010-09-24 17:15,Female,No,No,No
1462,2010-09-24 17:15,Female,Yes,No,No
1463,2010-09-24 17:15,Male,Yes,No,No
1464,2010-09-24 17:15,Male,No,No,No
1465,2010-09-24 17:15,Male,No,No,No
1466,2010-09-24 17:15,Male,No,No,No
1467,2010-09-24 17:15,Female,Yes,No,No
1468,2010-09-24 17:15,Male,No,No,No
1469,2010-09-24 17:15,Male,No,No,No
1470,2010-09-24 17:15,Male,No,No,Yes
1471,2010-09-24 17:15,Female,Yes,Yes,No
1472,2010-09-24 17:15,Male,No,No,No
1473,2010-09-24 17:15,Male,No,No,No
1474,2010-09-24 17:15,Male,No,No,Yes
1475,2010-09-24 17:15,Female,Yes,No,No
1476,2010-09-24 17:15,Male,Yes,No,No
1477,2010-09-24 17:15,Female,No,No,No
1478,2010-09-24 17:15,Female,Yes,No,No
1479,2010-09-24 17:15,Male,No,No,Yes
1480,2010-09-24 17:15,Male,No,No,No
1481,2010-09-24 17:15,Male,No,No,Yes
1482,2010-09-24 17:15,Male,No,No,Yes
1483,2010-09-24 17:15,Female,No,No,No
1484,2010-09-24 17:15,Female,Yes,No,No
1485,2010-09-24 17:15,Male,No,No,No
1486,2010-09-24 17:15,Female,Yes,No,No
1487,2010-09-24 17:15,Male,Yes,No,No
1488,2010-09-24 17:15,Female,Yes,No,No
1489,2010-09-24 17:15,Male,No,No,No
1490,2010-09-24 17:15,Female,Yes,No,No
1491,2010-09-24 17:15,Female,Yes,No,No
1492,2010-09-24 17:15,Male,No,No,No
1493,2010-09-24 17:15,Female,No,No,No
1494,2010-09-24 17:15,Male,No,No,No
1495,2010-09-24 17:15,Male,No,No,No
1496,2010-09-24 17:15,Male,No,No,No
1497,2010-09-24 17:15,Female,No,No,No
1498,2010-09-24 17:15,Female,Yes,No,No
1499,2010-09-24 17:15,Female,Yes,No,No
1500,2010-09-24 17:15,Male,No,No,No
1501,2010-09-24 17:15,Male,No,No,No
1502,2010-09-24 17:15,Male,No,No,Yes
1503,2010-09-24 17:15,Male,Yes,No,No
1504,2010-09-24 17:15,Male,No,No,No
1505,2010-09-24 17:15,Female,Yes,No,No
1506,2010-09-24 17:15,Female,Yes,No,No
1507,2010-09-24 17:15,Male,No,No,No
1508,2010-09-24 17:15,Male,Yes,No,No
1509,2010-09-24 17:15,Male,No,No,No
1510,2010-09-24 17:15,Female,Yes,No,No
1511,2010-09-24 17:15,Female,No,No,No
1512,2010-09-24 17:15,Male,No,No,No
1513,2010-09-24 17:15,Male,Yes,No,No
1514,2010-09-24 17:15,Female,Yes,No,No
1515,2010-09-24 17:15,Male,Yes,No,Yes
1516,2010-09-24 17:15,Female,Yes,No,No
1517,2010-09-24 17:15,Female,No,No,No
1518,2010-09-24 17:15,Female,No,No,No
1519,2010-09-24 17:15,Male,Yes,No,No
1520,2010-09-24 17:15,Male,No,No,No
1521,2010-09-24 17:15,Female,No,No,No
1522,2010-09-24 17:15,Male,No,No,No
1523,2010-09-24 17:15,Male,Yes,No,No
1524,2010-09-24 17:15,Male,Yes,No,No
1525,2010-09-24 17:15,Female,No,No,No
1526,2010-09-24 17:15,Female,Yes,No,No
1527,2010-09-24 17:15,Female,Yes,No,No
1528,2010-09-24 17:15,Male,Yes,No,No
1529,2010-09-24 17:15,Female,No,No,No
1530,2010-09-24 17:15,Male,No,No,No
1531,2010-09-24 17:30,Female,Yes,No,No
1532,2010-09-24 17:30,Female,Yes,No,No
1533,2010-09-24 17:30,Male,Yes,No,No
1534,2010-09-24 17:30,Male,No,No,Yes
1535,2010-09-24 17:30,Male,Yes,No,No
1536,2010-09-24 17:30,Male,No,No,No
1537,2010-09-24 17:30,Male,Yes,No,No
1538,2010-09-24 17:30,Female,No,No,No
1539,2010-09-24 17:30,Female,Yes,No,No
1540,2010-09-24 17:30,Male,Yes,No,No
1541,2010-09-24 17:30,Female,No,No,No
1542,2010-09-24 17:30,Female,No,No,No
1543,2010-09-24 17:30,Female,Yes,No,No
1544,2010-09-24 17:30,Female,Yes,No,No
1545,2010-09-24 17:30,Female,No,No,No
1546,2010-09-24 17:30,Male,No,No,No
1547,2010-09-24 17:30,Male,Yes,No,No
1548,2010-09-24 17:30,Female,No,No,No
1549,2010-09-24 17:30,Female,Yes,No,No
1550,2010-09-24 17:30,Male,No,No,No
1551,2010-09-24 17:30,Male,Yes,No,No
1552,2010-09-24 17:30,Female,Yes,No,No
1553,2010-09-24 17:30,Male,No,No,No
1554,2010-09-24 17:30,Female,No,No,No
1555,2010-09-24 17:30,Female,Yes,No,No
1556,2010-09-24 17:30,Male,No,No,No
1557,2010-09-24 17:30,Female,Yes,No,No
1558,2010-09-24 17:30,Male,No,No,No
1559,2010-09-24 17:30,Male,Yes,No,No
1560,2010-09-24 17:30,Male,Yes,No,No
1561,2010-09-24 17:30,Female,Yes,No,No
1562,2010-09-24 17:30,Female,No,No,No
1563,2010-09-24 17:30,Female,No,No,No
1564,2010-09-24 17:30,Female,Yes,No,No
1565,2010-09-24 17:30,Male,No,No,No
1566,2010-09-24 17:30,Male,Yes,No,No
1567,2010-09-24 17:30,Female,Yes,No,No
1568,2010-09-24 17:30,Female,No,No,No
1569,2010-09-24 17:30,Male,No,No,No
1570,2010-09-24 17:30,Female,No,No,No
1571,2010-09-24 17:30,Male,Yes,No,No
1572,2010-09-24 17:30,Male,Yes,No,No
1573,2010-09-24 17:30,Female,No,No,No
1574,2010-09-24 17:30,Male,Yes,No,No
1575,2010-09-24 17:30,Female,Yes,No,No
1576,2010-09-24 17:30,Female,No,No,No
1577,2010-09-24 17:30,Male,Yes,No,No
1578,2010-09-24 17:30,Female,Yes,No,No
1579,2010-09-24 17:30,Female,Yes,No,No
1580,2010-09-24 17:30,Male,No,No,No
1581,2010-09-24 17:30,Male,Yes,No,No
1582,2010-09-24 17:30,Female,No,No,No
1583,2010-09-24 17:30,Female,Yes,No,No
1584,2010-09-24 17:30,Male,No,No,No
1585,2010-09-24 17:30,Male,No,No,No
1586,2010-09-24 17:30,Female,Yes,No,No
1587,2010-09-24 17:30,Male,No,No,No
1588,2010-09-24 17:30,Male,No,No,No
1589,2010-09-24 17:30,Male,Yes,No,No
1590,2010-09-24 17:30,Female,Yes,No,No
1591,2010-09-24 17:30,Male,No,No,No
1592,2010-09-24 17:30,Male,Yes,No,No
1593,2010-09-24 17:30,Male,No,No,No
1594,2010-09-24 17:30,Male,No,No,No
1595,2010-09-24 17:30,Male,Yes,No,No
1596,2010-09-24 17:30,Female,No,No,No
1597,2010-09-24 17:30,Male,Yes,No,No
1598,2010-09-24 17:30,Male,Yes,No,No
1599,2010-09-24 17:30,Male,No,No,No
1600,2010-09-24 17:30,Female,Yes,No,No
1601,2010-09-24 17:30,Male,No,No,No
1602,2010-09-24 17:30,Female,Yes,No,No
1603,2010-09-24 17:30,Female,Yes,No,No
1604,2010-09-24 17:30,Female,No,No,No
1605,2010-09-24 17:30,Male,Yes,No,No
1606,2010-09-24 17:30,Female,No,No,No
1607,2010-09-24 17:30,Male,Yes,No,No
1608,2010-09-24 17:30,Male,Yes,No,No
1609,2010-09-24 17:30,Male,Yes,No,No
1610,2010-09-24 17:30,Male,Yes,No,No
1611,2010-09-24 17:45,Female,Yes,No,No
1612,2010-09-24 17:45,Female,Yes,No,No
1613,2010-09-24 17:45,Male,Yes,No,No
1614,2010-09-24 17:45,Female,Yes,No,No
1615,2010-09-24 17:45,Female,Yes,No,No
1616,2010-09-24 17:45,Male,Yes,No,No
1617,2010-09-24 17:45,Male,Yes,No,No
1618,2010-09-24 17:45,Male,No,No,No
1619,2010-09-24 17:45,Female,Yes,No,No
1620,2010-09-24 17:45,Female,No,No,No
1621,2010-09-24 17:45,Female,No,No,No
1622,2010-09-24 17:45,Male,No,No,No
1623,2010-09-24 17:45,Female,Yes,No,No
1624,2010-09-24 17:45,Female,No,No,No
1625,2010-09-24 17:45,Female,No,No,No
1626,2010-09-24 17:45,Female,No,No,No
1627,2010-09-24 17:45,Male,Yes,No,No
1628,2010-09-24 17:45,Male,Yes,No,No
1629,2010-09-24 17:45,Female,Yes,No,No
1630,2010-09-24 17:45,Male,Yes,No,No
1631,2010-09-24 17:45,Male,No,No,No
1632,2010-09-24 17:45,Female,No,No,No
1633,2010-09-24 17:45,Male,Yes,No,No
1634,2010-09-24 17:45,Male,No,No,No
1635,2010-09-24 17:45,Female,No,No,No
1636,2010-09-24 17:45,Female,Yes,No,No
1637,2010-09-24 17:45,Female,Yes,No,No
1638,2010-09-24 17:45,Male,Yes,No,No
1639,2010-09-24 17:45,Male,Yes,No,No
1640,2010-09-24 17:45,Male,No,No,No
1641,2010-09-24 17:45,Male,No,No,No
1642,2010-09-24 17:45,Male,No,No,No
1643,2010-09-24 17:45,Male,No,No,No
1644,2010-09-24 17:45,Male,No,No,No
1645,2010-09-24 17:45,Male,No,No,No
1646,2010-09-24 17:45,Female,Yes,No,No
1647,2010-09-24 17:45,Female,Yes,No,No
1648,2010-09-24 17:45,Female,Yes,No,No
1649,2010-09-24 17:45,Male,No,No,No
1650,2010-09-24 17:45,Female,No,No,No
1651,2010-09-24 17:45,Male,Yes,No,No
1652,2010-09-24 17:45,Female,No,No,No
1653,2010-09-24 17:45,Female,No,No,No
1654,2010-09-24 17:45,Male,No,No,No
1655,2010-09-24 17:45,Male,Yes,No,No
1656,2010-09-24 17:45,Male,Yes,No,No
1657,2010-09-24 17:45,Male,Yes,No,No
1658,2010-09-24 17:45,Female,Yes,No,No
1659,2010-09-24 17:45,Male,Yes,No,No
1660,2010-09-24 17:45,Male,Yes,No,No
1661,2010-09-24 17:45,Female,Yes,No,Yes
1662,2010-09-24 17:45,Female,No,No,No
1663,2010-09-24 17:45,Male,No,No,No
1664,2010-09-24 17:45,Male,Yes,No,No
1665,2010-09-24 17:45,Female,No,No,No
1666,2010-09-24 17:45,Female,Yes,No,No
1667,2010-09-24 17:45,Male,Yes,No,No
1668,2010-09-24 17:45,Male,No,No,No
1669,2010-09-24 17:45,Male,Yes,No,No
1670,2010-09-24 17:45,Female,No,No,No
1671,2010-09-24 17:45,Female,Yes,No,No
1672,2010-09-24 17:45,Male,No,No,No
1673,2010-09-24 17:45,Male,Yes,No,No
1674,2010-09-24 17:45,Female,No,No,No
1675,2010-09-24 17:45,Male,Yes,No,No
1676,2010-09-24 17:45,Female,Yes,No,No
1677,2010-09-24 17:45,Female,Yes,No,No
1678,2010-09-24 17:45,Female,No,No,No
1679,2010-09-24 17:45,Male,Yes,No,No
1680,2010-09-24 17:45,Male,No,No,No
1681,2010-09-24 17:45,Female,No,No,No
1682,2010-09-24 17:45,Female,Yes,No,No
1683,2010-09-24 17:45,Male,Yes,No,No
1684,2010-09-24 18:00,Female,Yes,No,No
1685,2010-09-24 18:00,Male,No,No,No
1686,2010-09-24 18:00,Male,Yes,No,No
1687,2010-09-24 18:00,Male,Yes,No,No
1688,2010-09-24 18:00,Female,No,No,No
1689,2010-09-24 18:00,Male,No,No,No
1690,2010-09-24 18:00,Male,No,No,No
1691,2010-09-24 18:00,Male,No,No,No
1692,2010-09-24 18:00,Male,Yes,No,No
1693,2010-09-24 18:00,Female,Yes,No,No
1694,2010-09-24 18:00,Male,Yes,No,No
1695,2010-09-24 18:00,Female,No,No,No
1696,2010-09-24 18:00,Female,No,No,No
1697,2010-09-24 18:00,Male,No,No,No
1698,2010-09-24 18:00,Male,No,No,No
1699,2010-09-24 18:00,Male,No,No,No
1700,2010-09-24 18:00,Male,Yes,No,No
1701,2010-09-24 18:00,Female,No,No,No
1702,2010-09-24 18:00,Male,Yes,No,No
1703,2010-09-24 18:00,Female,No,No,No
1704,2010-09-24 18:00,Female,No,No,No
1705,2010-09-24 18:00,Male,Yes,No,No
1706,2010-09-24 18:00,Female,Yes,No,No
1707,2010-09-24 18:00,Male,No,No,No
1708,2010-09-24 18:00,Male,Yes,No,No
1709,2010-09-24 18:00,Male,Yes,No,No
1710,2010-09-24 18:00,Female,No,No,No
1711,2010-09-24 18:00,Male,Yes,No,No
1712,2010-09-24 18:00,Female,No,No,No
1713,2010-09-24 18:00,Female,Yes,No,No
1714,2010-09-24 18:00,Female,Yes,No,No
1715,2010-09-24 18:00,Female,Yes,No,No
1716,2010-09-24 18:00,Female,No,No,No
1717,2010-09-24 18:00,Male,No,No,No
1718,2010-09-24 18:00,Male,No,No,No
1719,2010-09-24 18:00,Male,Yes,No,No
1720,2010-09-24 18:00,Female,No,No,Yes
1721,2010-09-24 18:00,Male,No,No,No
1722,2010-09-24 18:00,Male,No,No,No
1723,2010-09-24 18:00,Male,Yes,No,No
1724,2010-09-24 18:00,Female,Yes,No,No
1725,2010-09-24 18:00,Male,Yes,No,No
1726,2010-09-24 18:00,Female,No,No,No
1727,2010-09-24 18:00,Female,No,No,Yes
1728,2010-09-24 18:00,Female,Yes,No,No
1729,2010-09-24 18:00,Male,Yes,No,No
1730,2010-09-24 18:00,Female,Yes,No,No
1731,2010-09-24 18:00,Male,No,No,No
1732,2010-09-24 18:00,Male,No,No,No
1733,2010-09-24 18:00,Female,No,No,No
1734,2010-09-24 18:00,Female,No,No,No
1735,2010-09-24 18:00,Female,Yes,No,No
1736,2010-09-24 18:00,Male,Yes,No,No
1737,2010-09-24 18:00,Female,Yes,No,No
1738,2010-09-24 18:00,Male,No,No,No
1739,2010-09-24 18:00,Female,Yes,No,No
1740,2010-09-24 18:00,Female,Yes,No,No
1741,2010-09-24 18:00,Male,No,No,No
1742,2010-09-24 18:00,Male,Yes,No,No
1743,2010-09-24 18:00,Male,No,No,No
1744,2010-09-24 18:00,Male,No,No,No
1745,2010-09-24 18:00,Female,No,No,No
1746,2010-09-24 18:00,Male,No,No,No
1747,2010-09-24 18:00,Female,Yes,No,No
1748,2010-09-24 18:00,Male,No,No,No
1749,2010-09-24 18:00,Female,Yes,No,No
1750,2010-09-24 18:00,Female,Yes,No,No
1751,2010-09-24 18:00,Male,Yes,No,No
1752,2010-09-24 18:00,Female,Yes,No,No
1753,2010-09-24 18:00,Male,No,No,No
1754,2010-09-24 18:00,Male,No,No,No
1755,2010-09-24 18:00,Female,Yes,No,No
1756,2010-09-24 18:00,Female,No,No,No
1757,2010-09-24 18:00,Female,Yes,No,No
1758,2010-09-24 18:00,Male,Yes,No,No
1759,2010-09-24 18:15,Female,No,No,No
1760,2010-09-24 18:15,Female,Yes,No,No
1761,2010-09-24 18:15,Female,No,No,No
1762,2010-09-24 18:15,Female,Yes,No,No
1763,2010-09-24 18:15,Male,Yes,No,No
1764,2010-09-24 18:15,Male,Yes,No,No
1765,2010-09-24 18:15,Male,No,No,Yes
1766,2010-09-24 18:15,Male,No,No,No
1767,2010-09-24 18:15,Female,Yes,No,No
1768,2010-09-24 18:15,Female,Yes,No,No
1769,2010-09-24 18:15,Female,No,No,No
1770,2010-09-24 18:15,Female,Yes,No,No
1771,2010-09-24 18:15,Male,Yes,No,No
1772,2010-09-24 18:15,Female,Yes,No,No
1773,2010-09-24 18:15,Female,Yes,No,No
1774,2010-09-24 18:15,Female,Yes,No,No
1775,2010-09-24 18:15,Female,No,No,No
1776,2010-09-24 18:15,Male,Yes,No,No
1777,2010-09-24 18:15,Male,No,No,No
1778,2010-09-24 18:15,Male,Yes,No,No
1779,2010-09-24 18:15,Male,Yes,No,No
1780,2010-09-24 18:15,Female,Yes,No,No
1781,2010-09-24 18:15,Female,No,No,No
1782,2010-09-24 18:15,Male,No,No,No
1783,2010-09-24 18:15,Male,Yes,No,No
1784,2010-09-24 18:15,Female,No,No,No
1785,2010-09-24 18:15,Male,Yes,No,No
1786,2010-09-24 18:15,Male,Yes,No,No
1787,2010-09-24 18:15,Female,Yes,No,No
1788,2010-09-24 18:15,Female,Yes,No,No
1789,2010-09-24 18:15,Female,No,No,No
1790,2010-09-24 18:15,Male,Yes,No,No
1791,2010-09-24 18:15,Female,No,No,No
1792,2010-09-24 18:15,Female,Yes,No,No
1793,2010-09-24 18:15,Female,Yes,No,No
1794,2010-09-24 18:15,Male,No,No,No
1795,2010-09-24 18:15,Male,Yes,No,No
1796,2010-09-24 18:15,Male,Yes,No,No
1797,2010-09-24 18:15,Male,Yes,No,No
1798,2010-09-24 18:15,Female,No,No,No
1799,2010-09-24 18:15,Female,No,No,No
1800,2010-09-24 18:15,Male,No,No,No
1801,2010-09-24 18:15,Female,Yes,No,No
1802,2010-09-24 18:15,Male,No,No,No
1803,2010-09-24 18:15,Male,No,No,No
1804,2010-09-24 18:15,Female,No,No,No
1805,2010-09-24 18:15,Male,Yes,No,No
1806,2010-09-24 18:15,Female,Yes,No,No
1807,2010-09-24 18:15,Female,Yes,No,No
1808,2010-09-24 18:15,Male,Yes,No,No
1809,2010-09-24 18:15,Female,Yes,No,No
1810,2010-09-24 18:15,Male,Yes,No,No
1811,2010-09-24 18:15,Male,No,No,No
1812,2010-09-24 18:15,Male,Yes,No,No
1813,2010-09-24 18:15,Male,Yes,No,No
1814,2010-09-24 18:15,Female,No,No,No
1815,2010-09-24 18:15,Female,Yes,No,No
1816,2010-09-24 18:15,Female,Yes,No,No
1817,2010-09-24 18:15,Male,Yes,No,No
1818,2010-09-24 18:15,Female,No,No,No
1819,2010-09-24 18:15,Male,Yes,No,No
1820,2010-09-24 18:15,Female,Yes,No,No
1821,2010-09-24 18:15,Male,Yes,No,No
1822,2010-09-24 18:15,Female,No,No,No
1823,2010-09-24 18:15,Female,Yes,No,No
1824,2010-09-24 18:15,Male,No,No,No
1825,2010-09-24 18:15,Male,No,No,No
1826,2010-09-24 18:15,Female,Yes,No,No
1827,2010-09-24 18:15,Male,Yes,No,No
1828,2010-09-24 18:15,Female,Yes,No,No
1829,2010-09-24 18:15,Female,Yes,No,No
1830,2010-09-24 18:15,Female,No,No,No
1831,2010-09-24 18:15,Male,No,No,No
1832,2010-09-24 18:15,Female,No,No,No
1833,2010-09-24 18:15,Female,No,No,No
1834,2010-09-24 18:15,Female,Yes,No,No
1835,2010-09-24 18:15,Female,Yes,No,No
1836,2010-09-24 18:15,Female,No,No,No
1837,2010-09-24 18:30,Female,No,No,No
1838,2010-09-24 18:30,Female,Yes,No,No
1839,2010-09-24 18:30,Female,Yes,No,No
1840,2010-09-24 18:30,Female,Yes,No,No
1841,2010-09-24 18:30,Male,No,No,No
1842,2010-09-24 18:30,Female,Yes,No,No
1843,2010-09-24 18:30,Female,Yes,No,No
1844,2010-09-24 18:30,Female,Yes,No,No
1845,2010-09-24 18:30,Female,No,No,No
1846,2010-09-24 18:30,Female,Yes,No,No
1847,2010-09-24 18:30,Female,Yes,No,No
1848,2010-09-24 18:30,Female,Yes,No,No
1849,2010-09-24 18:30,Female,No,No,No
1850,2010-09-24 18:30,Male,No,No,No
1851,2010-09-24 18:30,Female,No,No,No
1852,2010-09-24 18:30,Male,No,No,No
1853,2010-09-24 18:30,Female,Yes,No,No
1854,2010-09-24 18:30,Female,Yes,No,No
1855,2010-09-24 18:30,Male,Yes,No,No
1856,2010-09-24 18:30,Male,No,No,No
1857,2010-09-24 18:30,Male,No,No,No
1858,2010-09-24 18:30,Male,No,No,No
1859,2010-09-24 18:30,Male,Yes,No,No
1860,2010-09-24 18:30,Female,No,No,No
1861,2010-09-24 18:30,Male,Yes,No,No
1862,2010-09-24 18:30,Male,Yes,No,No
1863,2010-09-24 18:30,Female,Yes,No,No
1864,2010-09-24 18:30,Female,Yes,No,No
1865,2010-09-24 18:30,Male,No,No,No
1866,2010-09-24 18:30,Male,No,No,No
1867,2010-09-24 18:30,Male,Yes,No,No
1868,2010-09-24 18:30,Female,No,No,No
1869,2010-09-24 18:30,Male,Yes,No,No
1870,2010-09-24 18:30,Female,Yes,No,No
1871,2010-09-24 18:30,Male,Yes,No,No
1872,2010-09-24 18:30,Female,No,No,No
1873,2010-09-24 18:30,Male,Yes,No,No
1874,2010-09-24 18:30,Male,Yes,No,No
1875,2010-09-24 18:30,Male,Yes,No,No
1876,2010-09-24 18:30,Male,No,No,No
1877,2010-09-24 18:30,Male,Yes,No,No
1878,2010-09-24 18:30,Male,No,No,No
1879,2010-09-24 18:30,Female,Yes,No,No
1880,2010-09-24 18:30,Female,Yes,No,No
1881,2010-09-24 18:30,Male,Yes,No,No
1882,2010-09-24 18:30,Male,Yes,No,No
1883,2010-09-24 18:30,Male,No,No,No
1884,2010-09-24 18:30,Male,No,No,No
1885,2010-09-24 18:30,Female,No,No,No
1886,2010-09-24 18:30,Male,Yes,No,No
1887,2010-09-24 18:30,Female,No,No,No
1888,2010-09-24 18:30,Male,No,No,No
1889,2010-09-24 18:30,Male,Yes,No,No
1890,2010-09-24 18:30,Male,No,No,No
1891,2010-09-24 18:30,Female,Yes,No,No
1892,2010-09-24 18:30,Male,No,No,No
1893,2010-09-24 18:30,Female,No,No,No
1894,2010-09-24 18:30,Female,No,No,No
1895,2010-09-24 18:30,Male,No,No,No
1896,2010-09-24 18:30,Male,No,No,No
1897,2010-09-24 18:30,Male,Yes,No,No
1898,2010-09-24 18:30,Male,No,No,No
1899,2010-09-24 18:30,Female,Yes,No,No
1900,2010-09-24 18:45,Female,Yes,No,No
1901,2010-09-24 18:45,Female,No,No,No
1902,2010-09-24 18:45,Female,Yes,No,No
1903,2010-09-24 18:45,Female,Yes,No,No
1904,2010-09-24 18:45,Female,Yes,No,No
1905,2010-09-24 18:45,Male,No,No,No
1906,2010-09-24 18:45,Male,Yes,No,No
1907,2010-09-24 18:45,Female,Yes,No,No
1908,2010-09-24 18:45,Female,Yes,No,No
1909,2010-09-24 18:45,Male,Yes,No,No
1910,2010-09-24 18:45,Female,No,No,No
1911,2010-09-24 18:45,Male,Yes,No,No
1912,2010-09-24 18:45,Male,Yes,No,No
1913,2010-09-24 18:45,Female,No,No,No
1914,2010-09-24 18:45,Female,No,No,No
1915,2010-09-24 18:45,Male,No,No,No
1916,2010-09-24 18:45,Male,No,No,No
1917,2010-09-24 18:45,Male,Yes,No,No
1918,2010-09-24 18:45,Male,No,No,No
1919,2010-09-24 18:45,Female,Yes,No,No
1920,2010-09-24 18:45,Female,Yes,No,No
1921,2010-09-24 18:45,Female,No,No,No
1922,2010-09-24 18:45,Male,No,No,No
1923,2010-09-24 18:45,Male,No,No,No
1924,2010-09-24 18:45,Male,Yes,No,No
1925,2010-09-24 18:45,Male,No,No,No
1926,2010-09-24 18:45,Female,Yes,No,No
1927,2010-09-24 18:45,Male,No,No,No
1928,2010-09-24 18:45,Male,No,No,No
1929,2010-09-24 18:45,Female,No,No,No
1930,2010-09-24 18:45,Female,No,No,No
1931,2010-09-24 18:45,Male,Yes,No,No
1932,2010-09-24 18:45,Female,No,No,No
1933,2010-09-24 18:45,Female,Yes,No,No
1934,2010-09-24 18:45,Female,Yes,No,No
1935,2010-09-24 18:45,Male,No,No,No
1936,2010-09-24 18:45,Male,Yes,No,No
1937,2010-09-24 18:45,Female,Yes,No,No
1938,2010-09-24 18:45,Male,Yes,No,No
1939,2010-09-24 18:45,Female,Yes,No,No
1940,2010-09-24 18:45,Male,No,No,No
1941,2010-09-24 18:45,Female,No,No,No
1942,2010-09-24 18:45,Female,No,No,No
1943,2010-09-24 18:45,Female,Yes,No,No
1944,2010-09-24 18:45,Male,No,No,No
1945,2010-09-24 18:45,Female,Yes,No,No
1946,2010-09-24 18:45,Male,Yes,No,No
1947,2010-09-24 18:45,Male,No,No,No
1948,2010-09-24 18:45,Male,Yes,No,No
1949,2010-09-24 18:45,Male,No,No,No
1950,2010-09-24 18:45,Male,Yes,No,No
1951,2010-09-24 18:45,Female,Yes,No,No
1952,2010-09-24 18:45,Female,Yes,No,No
1953,2010-09-24 18:45,Male,Yes,No,No
1954,2010-09-24 18:45,Female,No,No,No
1955,2010-09-24 18:45,Male,Yes,No,No
1956,2010-09-24 18:45,Male,Yes,No,No
1957,2010-09-24 18:45,Female,No,No,No
